formula_code
774722 11
2059050 1
938440
94141 MX15
964964 03
811976
40751 RDK
1115445
P2049220 W
41574 RDK1
2025002 3
2041068 2
2039118 24
994278
P2006515 1
20630382 10
F0001279V01
965694 14
1261788 D
1258775
2014586 1
F1000001V01
1206909
92921 MX
2032543 2
726164 90
41448 RDK3
1231434
F0001908V01
2008751 2
GF2420A2
2033193 3
1258645
724389 09
92159 MX
GF4488A
2034181
F999902
21082026TV0
936612 19
875361 07
1248527
1269169
P965687 14
949784 3
2034054 2
2024541 2
2014615
93904 MX1
2016390
GF885102
P677578 03
2048360 2
2010417
2017187 1
GF6906 1
1278563 13
993259
2034053 2
1234015
1207242
L123458
792646
93504 MX
2034368
1185055
854603 7
2045647
F0004138V01
1251548HZA
41547 RDK
2085057
2058901
P965008 15
2039210 01
2045820
901654 1
T215042026
1262157 A
815833
1263785
L2 MOD BIS
P899538 21
1247295
2088319
92927 MX
1243835 D
801143 01
2008924 1
2023212
965486
2033049 4
F0001277V01
92724 MX
2010200 2
2004802
P2024432
GF1119046
989182
GF8147
903931 3A
2026017 3
2040572 D2
854973 1
2010475
1257512 Y
811818
2010211 1
721738 1
994436 1
938489
816067 02
1125478
975346
927165 3
941255 9
2023076
855302 B234
1247280
2045964
GF8627A1
846334
2014697
1295329 J
974080 1
2024658 1
P810168 3
851962 B
936612 84
1231243
P685023 59
P852702 2US
854813 1
993705
952569
2009889
815072
GF2620A1
2004242 4
965009 03
2063446
2045430
P0000712V01
123456 MB54
810282
F0005992V01
GF725584
2033835 2
2010365 2
J885951 3
GF6445 1A
2008308 2
1206987
2043325
2033216 3
833673 2
85233 MX2
2010331 1
1067789 PS7
833835 2
907887 1
1231252
GF7190 1A
992956 1
F0001242V01
2032710
854088 5
1285095 E
2045941 14
01092025SJ7
GF7967A1
2016381
2004670
2047638 1
30514 KLS22
1207284 A
995243 1
P666288 B
2025715 3
774120 27
1263764
GF3756A4
994257
F0003689V01
P798718
2019559 1
GF6066 A1
GF8757A2
994279
800266 01
2063539
2088432
2085107
2078776 3
F0000784V01
854935 3
1285031
947935 07
92931 MX
2017577 3
2040970
P1239957 D
1245707
F0004848V01
2047306 07
965330 03
967023 10
GF8529A1
2009630 1
2014695
1218219RK8
2085010
1100812
1266003 06
854976 1
F0001535V01
964345 06C
2023917
994092 1
2009761 1
685844 106
2010429 2
2008368 1
2047780
966075 08
2010330 1
P682465
1261329 M
P880259 8
2017160 1
2034230
2045334 2
2015755
2056717
907414 43
993501
P680410
2051513 8
1153030
560223 08
P973462 3P
2040512
2045655
899361 01
1218364CV12
1229083 B
93746 MX8
F0000472V01
2008306 2
880293 59
1239930 K
F0001883V01
2056819
85584 MX
41703 RDK
F0004319V01
2051570
870032 31
2056665 1
2023089
F0003792V01
2017361 11
2033186 3
F0001078V01
992878
2034009 1
40059 RDK5
2051567
F0005007V01
1102452
2051511 6
20630368 10
2017992 51
42774 SS12
J35119 RDK5
F1000039V01
826906 14
J1181009
1261026 A
1099948 D
2029695
2029408 1
41583 RDK
2011320
1060644 A
P965891 06
1218388RK7
974779
2007911 1
2056930 1
2041143 3
956418 R01
1268997
1261722 B
2049608
P688996 25
P965023 01
2088662
941327 5
20630222 2
907691 7
92725 MX
1127490
GF8696B1
F0002686V01
P964290 05C
801142 01
GF4415A
GF7052 1
GF3917 1
33791 RDK7
936322 34
171020254KQ
940648 5D
91908 MX5
833953 2A
2023069
PP79161 1
2009107
P559777
GF8530A1
F0029279V01
2088452
41701 RDK5
725311 2
885980 3
1082506PR1
2014777
2024387
2024861 1
853974 2
2047691 2
2015754
833760 1
2043175 4
995267 1
936612 15
8900 SA2
2026570 17B
2040361
2058949
846209 3
964711 07
P559771
GF8877A1
1257520 M
992332 1
829707 8
2088667 3
P1227521 F
GF1119497
1278528 06
F0004067V01
2056704
2047978 1
1129762PR8
2016177 1
2051562
985739 3
42466 SS4
1230003 J
2056863
2033176 3
P559773 BS
2017560 8
1245766
603942 55
954092
94052 MX5
2009252
833575 1
992908
2040948 3
GF6369 1
F0000583V01
F0004535V01
F0001886V01
24062026Q92
1266139 01
1164879
26052026V7M
GF8638 A1
GF727750 G
2039155 18
689178 03
2040772 5
GF8817A2
2001183
F0003190V01
2067506 4
2040822 1
880375 12
2014581
93331 MX
2015107
2008305 2
682880 4
2040806
1238681 C
2007863
965737 04
1239896 C
994466 1
964877 08
972306 3
93945 MX1
P677578 48
1208051 G
F0001459V01
714124 10
P792656
1219397 B
1258785
08062026B79
2016137
92107 MX
2008993 1
P965694 13
2008727 1
974338 9
41676 RDK
940965 2
GF35168
967638 03
GF8472
2017263
2048318
885460 7
2045623 1
2039118 41
846209 4
1290081 A
903497 01
2004722 12
2034123
2011229 80
993577
2024625 1
2056811
92332 MX
853403 13
1231410
GF882297
993821 1
880369 12
GF8813A1
2004688
41585 RDK
1119875 B
2023189
GF3952A7
956623 R04
2058928
704034 2
1222224
909178 23
2031511 6
846385 1
01102025B19
863583 09
949789 3
880387 13
956079 R01
2040112
40536 RDK1
974728 5
887227 2
965390 06
93231 MX9
2088522
1247595 D
993823 1
846133 3
854921 4
GF6071 1
2043317 1
2002378
P880272 10
2033505 4
1189227 A
1101747 EP9
1206338
774595 02P
884771 2
992949 1
994805 1
P999052 S2
2008720 2
2017634 1
2056823
28052026P7H
682746 8
GF4115 2
2024000 2
P965679 21
589599 9
886330 1
2017809 8
1206985
853754 2
2069506 16
994456 3
1153024
P2014792 1
995365 1
2025070 1
842844
967649 09
F0001026V01
2071683 26
2056524
P12345 NCH
855318 C369
975024
41086 RDK6
985734 2
1243823
852281 4
2002968 2
GF8536A2
2001310
833926 2
2004756
2078611 2
2042310 03
2040364 3
2011224
995244 1
936612 41
966047
P676499 85B
P4 803D
GF727775 B
2071811 15
725582 01
845657 1
832906 A
949486 7
2050601 3
F0002712V01
833087
965687 14
1239882
P967636 28
685878 16
833996 4
P965347 02
GF8709A1
956441
93783 MX
P917083 H
2009333 3
1152262
2063012 1
845132 1
994318
845711 4
2009426 1
2033484 1
2015807
F0029747V01
GF993180
885055
1295310
P711022 87D
2024681
41679 RDK
GF8640A1
2015405 1
2016317
1267715 A
2004811
2042175 01
2042161 04
2004599
2056822
1231295
0601202666G
855302 C269
1268951
2056637
993848
1229052
2008709 1
1222431
767354 2
93844 MX14
2506202687Y
989246
2048419 1
P645131A
J1099549 D
2016078
1260495 C
2048569
41640 RDK
2010308 1
2048404 1
2009173 3
2040553 A
0601202622G
939231
1262074
2047693 3
2024188
829783 1
2032542 2
1290074
1244019
40138 RDK9
941388 4
2040358
2045424 3
2045227
2008311 2
2078553
P2017092C48
684738 1
2024003 2
85213 MX1
P809956
GF6268
936612 26
965742 01
927845
F0004277V01
GF5050 2
180920255A4
P2049222 W
2009143 1
2048648
26082026MC0
899680 08
P680179 W4
1258808
GF4502E
2063462
975670 2
2024029
1244057 A
J1034263 F
1218014RK2
855302 C239
2040236 1
P964345 6D
93051 MX
2040550
2045345
F0001566V01
852148 5
1082957PR16
1223444
902451 6
2007253 5
2040065 B
994225
768878 1
964957 07
884991 28MD
2045095
2085070
2036997
F0030239V01
854360 1
GF885163 1
2041031 B
936612 23
F0005165V01
1291105H42
P968045 55
1261666 F
685634 1
2045849 1
2014582
936612 42
2058619
92863 MX
2056779
F0004850V01
991972 7
PPT79738 25
1180994
0312202515Y
P968116 12
994804 1
2016340
1213628CD2
1082655RK6
2051564
GF4468D
2026171 1
965107
2009862
2024743
1243824
2045189
38999 RDK1
37647 RDK
985735 2
994579
2009261
882981 03
941046 7
2008728 2
956097 R04
2043060 6
2045945 2
2033702 2
993514
2008755 4
649080 5
684515 2
2008868
1205939 A
1196739
13112025B63
GF4020
2041095
40921 RDK
J883795 12
P620951 A
994256
951997 1
2047196 1
1239873
P2047776 34
2010183 2
GF885179 2
1041634PT10
2088380 2
2033171 5
936612 16
2045381 3
94217 MX1
1213601CD9
2026094
2076552
2016251
853752 3
GF8634A2
2015768
GF727772 A
P936252 31
2002308 1
1238726
954093
852042 4
F0002221V01
877796 15
P975385
974778
2015527
993707
885787 4
GF1157937
965122
853354 16
F0004417V01
F0006178V02
2021025
GF885188
948924 3
2015132
883818 01
2017112 1
940645 25
768857
P711022 A3
2023A314V02
GF8884A1
2048416 1
833931 2
973700
2078638
F0006327V01
41673 RDK
2023072
2042081 07
2034011 1
F0001735V01
2049267
885862 04
17122025Q39
936612 34
1199545 D
J1247639
F1000037V01
2047760
1236993 MX
F0004817V01
2040433 3
GF8635A
936612 79
2021542 64
39021 RDK8
2008776 5
2015038
93905 MX1
2009952 1
1265072 O
P678396 98
P667136B
792645
2019761 1
2040642
2045613 1
1295326
1224547
2011153 05
643751
2024211
J1118659 B
21102025IJ0
994093
92226 MX
92718 MX
2034286 2
P669850 CAU
2033744 2
810209
1144614
F0001638V01
1263804
919149 14B
844320 3
F0005355V01
2010313
744903 05
2033154 2
936612 95
2050761 5
761794 139
684913 2
2040644 4
2024126 1
2004906
994582
40245 RDK2
2045068
P2017092C35
838201 1
2078680 01
956096 R02
2016265
2088334 2
2078761 3
993263
1178736 A
F0001392V01
1283815 C
992886
966083
40061 RDK2
1263701
904603 03
1278513 46
539639 3
1261775
1162790
993416
2015942
GF1034494
GF1157682
F0001552V01
2077000
2023082
2017906
2010207 2
2025200 5
02032026QZ5
2007222 3
2033506 2
GF4466C
1221471 ACN
2040187
F0006322V01
2019658
2009754 1
2018025 8
GF8527A1
1244050
2058987 1
P645102B
1285276
2033222 3
41651 RDK
2045674
2063503 4
2056515
2088426 1
2047688 2
990132
2056622
GF6069 1
972286 1
1213554SS6
P967544 21
744845 02
2017855 1
885830 2
2048727
2056606
GF5990 1
2024073 1
2017285
GF1099584
2045070
1185106
GF6099 3
899356 02
956622 R03
GF4497A
J883032 06
F0004842V01
885840 1
1258588
899519 10
2015242 1
2063741
P993646 9
1262160 A
210410222
944684 2
2025521
GF4013
1082405 D
1111
1263796
2008367 1
2016772 1
42029 RDK
653663 6
L10
2017574 2
1101909 PS1
1268927
17102025NS4
2040768 1
2023643
F0001390V01
1410202541O
2008314 2
1129927MX11
1153210
2056855
855292 C235
993794 1
2008070 6
P678995 87
2017365 4
F0003684V01
942733 13D
1263695
997773
2047943
2034132
2035592 3
2008871
ASPECT
833143
2023934
919098 16
1203595 G
2078583
2050071
1251678HZC
1165424 F4
1101951 PS2
2040545
1251553HZ1
2039106 31
685462 44
945750 3
2045555
972196 3
1045692 D
880306 36
845661 2
990155
695875 20
P667437 25
992891
956527 R01
2024752 1
1101354
2032822 2
P827521 169
2029791
1295111 E
2015572
93852 MX11
811813
1290039 F
41546 RDK
826389
956100 R03
689189 110
993733
94183 MX6
F0001376V01
P0000778V01
P682268
2024809
645476 3
GF6447A2
2042055 19
41561 RDK
2056504
685686 138
2017858 1
20215022V30
F0004310V01
2004650 01
855369 85C
2048357 1
994603 1
43166 MZ4
2036838
1261573HZJ
2043129 3
J883795 01
682748 7
822202 84B
1197811A
2017405
768566 2
665831 7
P810078 R1
2063338
833197
880157 11
965298 1
2045966
1291056H13
2040159
2009815 7
2040005
2016029
940157 3
2004557 10
2017851 4
2057205 1
2041166
2056780
940837 5
92765 MX
684931 10
GF1059869
2016470
993488
J1247556
990208
2010745
1152826
1295356 H1
BB2025494
460847 H
GF4075
1285416 E
2029963
GF3794 2
17122025L2Q
800262 02
GF883797
940645 24A
966116 1
1231210
2004836
2009517
F0001718V01
2085009
1295357 B
F1000035V01
2040240
1295225
P966076 15
2043323
2045556
2025316 5
2045995
689097 17
936337 18
P973493 4
J1001128 D
P630817
J1181337 D
2033938 1
1295303
768869
2045582 2
GF4073
1269149
GF7071A1
F0003189V01
1268962
GF5420A
1215672
826906 11
GF1015359
994376 4
993803 1
1101573PT25
994506
1236977 A
1258736
2015234 2
92157 MX
939652
94214 MX2
2045592 1
902816
F0001017V01
P2033292 5
1091034
GF1157979
1261039 F
975174
P668710 C
1218299 KL
2078684 01
869905 57
F0000460V01
1206917
1231480
885761 1
1231223
2063784
P54198T
2026110
2024145 1
2034139 C
826674
2058734
05092025 1
986235 1
1268671 I
2008775 2
F0005549V01
994445 1
2017635 2
F0000099V01
2010252
1263920
2034153
F0000854V01
GF4521B
J1157660 A
2045291 3
2032730 4
1285001 D
2034341 1
965689 09
GF8795A1
1234052
592031 07
2016498
2017849 3
2057061
993426 1
2001179
1237081
940573 13
GF7263 1A
986237 1
899277 11
995383
P53727D LD
1211682
965086 7
858069 3
940578 8
1282053
2045439 1
2058659
2045587 2
2040542 2
949792 3
1269465 K
1258834
TEST 003
854848 2
43278 SS5
974936
13112025ZJ5
2063730
1197572
2078754 2
1101562PT21
843732
2010495 1
P993556 13
F1000040V01
1193732
938609
936612 48
936612 64
2040210
F0001323V01
F0004835V01
2008227 1
2045712
1129763PR3
938289
869586 07
2002634
1187177
1218242MX9
965903 13
F0001607V01
GF266938
2015447
GF4018 3
1295313
GF8901A1
1206646
2008753 2
993775
952742
854557 1
2029790
990140
2056616
1068326 F
2085005
990210
05022026U42
F0000937V01
2040022 01
786844 11
992023 3
882107 02
2017013 1
P2007787
1263746
1291108H3
1244037
21082026D18
GF1208166
2043361 1
826525 02
855318 C238
1207228
92747 MX
854606 5
1105491 SCN
F0005984V01
GF725836
833672 1
GF6379A1
41588 RDK
2004587
2026281
2006926
13112025N68
2035593
1258833
2088719 2
966223 1
801037 02C
123456 67
768763
974348 9
42612 SS5
F0000690V01
2017455
1210345
GF8626A1
GF4143 3
2045301
2040509
2018060 2
990335 5
1273659
917183 53
854569 1
2015974
967665 48
995246 1
2016895 2
2018023 8
F0000283V01
1207286 A
2045772
J1247661
2040445
2040518
858262 7
801015 02
P668710
2040144
2004710
1254012
744900 06
592053 19
2033484 2
947278 06
2018136 2
GF4509B
94149 MX6
2018026 8
1215794
J1059961 D
994427
GF6097 1
1257082 CCN
1224958 CCN
GF724632
2034184 2
2017151 1
974916
2088425 1
2078571
815670 03
1263792
2040367 1
1244645 A
GF3935 2
863621 16
P559775 S
1195512 K
GF8801A1
2045417 4
1166965 A
GF4325B
1285316 A
2002475 1
2023A317V02
944794 1
2047970 1
GF1140123
2063081
260820268AJ
GF6406A1
1041793 PS1
2045989
1221420 JCN
F0004154V01
40732 RDK1
1267950 A
2042076 08
1252785 CN
948925 2
2008864
1041781EP4
43232 CD 5
833758 1
936612 07
2043254 7
2063339
990126
2007110 5
2045307
2024388 1
800401 16
2016030
J1001209 F
684649 5
06012026Z3S
768931 01
2026054 4
560601 05
2040028
16032026U1D
2016417
833232 B
031020257MJ
994020
725094 59
1201797
2016419
1285733 C
GF1140462
2015727
833840 11
1240870 D
GF3991 4
40035 RDK3
993298 1
P964593 10
2015644
F0000445V01
954145
1285318 N
GF1230
1295224
1031491 F
2016374
2040243
2034227
GF3938
P652974 A
J1181129 NP
810221
2035765 1
689133 02
833330 4
829682
P964330 05B
665079 5
J885904 6
685792
2004781
93373 MX14
2015659 2
853405 13
94145 MX7
2019519
2040147
927703 3
F0000420V01
2023269
816132 01
2045044 1
81771 MX28
F0004363V01
940156 2
2029437 4
P863548 10G
2045947 1
2033038 2
2023A384V01
2037054
2056957
1150642 A
1285225 F
1165738 B
1273647
P827565 10
2056718
964907 10
92769 MX
909416 29
727639 03
2072517 2
1227619 B
2034335 1
833946 2
92706 MX
2017852 8
F0003686V01
123456 MN1
2040526
688442 02
2002477 1
42989 SA5
2010165
2051549
826662
2045738 1
F0000887V01
2025782
2009856
2040799 2
1227685
93762 MX7
948818 1
965452
1253034 B
1274965H7
1285350 J
GF8676A2
2008668 1
1268585
2040457
2085065
GF6448 1B
2048356 1
2040182
J882106 50
41137 RDK
949423
F0005523V01
GF1118702
F0000790V01
P668710 CC
996384 2
965603 04
2010162
2040036
F0000382V01
2032513 2
171020254T8
2057273
2042192 01
GF885146
1257516 D
2017145 2
2045769
1185078
1041818 PS6
P678284 85
936612 55
F0000621V01
38972 RDK3
2009257
2048323 1
1285474 C
853770 5
GF1032669 A
F0000286V03
1265309 D
2088359 5
2023240
1290078
2023253
1278552 10
993809 1
F0002467V01
2008945 2
846210 2
F0006182V01
37454 RDK
2017574 3
990162
1182289
1263805
827528 38
994502
GF882151
1101475
1239520
1221442 DCN
2047476
1262153 A
J904602 04
2007024 2
1199713 F
F0002767V01
2030797 01
768913 1
2056925 1
P965757 05
2056854T
2009139 3
994017
468487 20
1087309 H
2039128 50
93342 MX3
2015800
2015115
936612 77
2010380 5
966101
F0002761V01
1206538
41678 RDK
2017427
2034250
F0000705V01
2045983 1
826359
966228
2034176
2040123
2056962
J883834 01
2059118
GF8811A1
2040175
560109 W3
2015349 1
F0001452V01
2024542 2
20630115
1282031
J882224 03
L123462
1295369 E
2017568 4
952345 1
854962 1
2056631
1282008 C
P559774 SD
92906 MX
1197500NF
92156 MX
725452 03
902450 6
2002374
2057024
1228594
744907 02
965787 30
798724 12
F0029536V01
917142 16
2015799
1273759
P557552 6
20630117
965607 04
2033028 1
974426 19
1263708
2047967 1
P636315 4
GF1015440
2010312
T701062026
2078636
2001618
993645
968311 09
2033165 3
1197589
886320 1
1205411 A
2034138 2
J882086
2011208
1067648 ER5
2071762 13
1234127 D
123456 5
J1059943 E
973751
291020251X3
2023675
292591 2
2045267
41716 RDK5
93041 MX
1125369
P711022 55D
854822 1
2040207
2045946
GF885153 1
2024538 3
1161324 F
2072551 26
F0000603V01
GF539744 3
2042015 03
41572 RDK
1082957PR36
BB202549419
1248729 J
92933 MX
1269260 L
F0000600V01
GF6053 1
J1181404 A
GF882390
909464 8
2016434
PPL52022 75
853301 1
827527 72
2008734 2
40020 RDK1
2017851 9
2051565
887752
945755 3
2058879
2040562
591970 08
833643 2
1082383 F6
2024197
975632 10
202509199F
P948395 6
992953 1
J987511 01
993242
2024314 3
1240117
1238945 A
993477
1206188
20630221 3
2063110 10
2040143
P965387 12
18092025P5T
0605202600S
2002343 2
P965877 12
2024376
2015530
2026016 3
2078666 2
2025315
2023074
1213534CD9
993744
J882273 05
GF6269 3
2033174 3
1190318 A
939076 6
GF1001259
938620
2057299
936288 01
886219 2
1205422 A
GF7089 2
F0002698V01
P964912 05
35223 RDK8
2058962
965596 08
2009997
2010257
1278579 10
2014588
GF6078 1
1231465 A
1230218 A
2033839 2
966158
2033955
P965388 19
0809202575M
592044 30
1267949 A
87917 MX2
P591243B46
2058744
2090549
GF724383
774587 02
F0004397V01
990124
974109 2
2026396
GF6646 1
20630381 10
2011318
727745 05
1274599
1258589
1261021 L
GF1118695 1
1184744 H
1031490 F
927704 6
2015802
2010109
GF4089 3
93054 MX
1244316
768956
2048415 1
1110540 K
2045718
1199955 G
1607269PFY7
724398
GF1118521
965019 10A
F0006171V01
993847
2034089 2
J885808 37
P669850 C
2016741 2
GF1119136
974785
BB2025660 1
725095 73
815871
936614 72
2040372
2056854
2032924 2
1266134 01
2078733
2045732
1212234
93787 MX2
768960 6
1295314
826121
2061609
F0001765V01
1258768
41002 RDK0
855311 C246
2009745 1
2033152 2
41563 RDK
993500
1295120
2047304 03
F0001023V01
2034396 1
2017733 3
852438
14012026K5F
2017658 1
853773 5
685686 135
909428 49
GF1151054
2050707 27
2063540
11122025B36
2015791
2040061 1
1165794 N
GF8810A1
2058927
1082515PR19
20630214
TTT1234
2057193
1231430
810293
956081 R03
964869 05
F0001085V01
685657 7
1241729 E
947862 06
P964591 11
2088360 3
956419 R03
2035808
1239870 D
18092025CS0
1185060
2034200 2
853757 6
990998 5
P2051603
2063151 3
F1000027V01
2017677
1040973 S
40950 RDK5
1129928MX19
2041071 2
28052026W3U
2043210
844322 4
2016469
896628 1
2018125
477049 B
1197613
92766 MX
685376 45
93750 MX7
F0001247V01
2015406
2045060
1231259
2058936
833646 2
P2033014 6
2004711
993693
80068 MX1
744026 03
2056814
2063040
GF8963A1
936016 41A
2045932
GF8734A1
974428 12
2024030
GF6070B1
2045639
2011237
1101474
2063084
2037016
2035810
854561 1
GF4517A
2017572 B
2010379 5
P565869
GF1034438
41565 RDK
41600 RDK
F0001537V01
936612 09
1123466 G
2016036 1
J904609 02
2040867 1
2019645
2040516 1
2047473
1227793 G
P965677 12
833759 1
1263699
2015671
880382 11
940940 5
1260544EP5
1258739
993241 1
1285009 E
2015186 1
2048352 1
1263795
2009042
2015584
2015575
2009985 1
1193753
994460 1
852148 4
2045195
P53733
2040647 2
801107 16
P853354 BL
1263755
2025080 3
2071644 14
2040676 2
2023876
2016191
2085063
936612 63
P1172488 A
92089 MX
989726
GF885165
2010344
833743 3
833001
994084
2042192 02
F0000453V01
854350 3
F0006192V01
855302 C259
2045217
810273
F0001077V01
1206710
1243858 B
F0004007V01
92917 MX
F0001863V01
909516 4
2026570 19C
2025080 1
2008193
F0003855V01
1269453 F
GF5431D
F0000432V01
2040170
833797
2014584
1263750
956072 R02
851954 B
977137 01
2033881 2
2040188
1153031
J883539
38766 RDK
2004745
714335 07
2033218 3
2045137
1258812
J883875 02
J883857 01
2025168 1
F1000041V01
2008953 2
2017206 1
2008659 2
1233056
684805
GF4924 1
1041823 FS
2017117 1
93784 MX
1268996
2050543 10
1067620FS16
1285459
2043134
86292 MX1
2078714
1149983 B
GF903646
2040852
2008873
2004741 02
994418
2015049
2032532 2
993282 1
2063720
909509 03
GF3556A2
2045671
2024540 2
2025573 1
2023A388V01
13112025Z2N
92867 MX
GF1119261
2016047 1
936612 02
2016423
994504
2063698
1282055 A
GF6730 3
2048303
P682274
966193 03
2023996 2
994400
885591 6
2071621 8
2023A334V01
81615PR85
761588 94
1268973
2048562 1
2048209
F0001106V01
2063538
2026103 3
GF8929A1
2058664
2058595
J904606 014
T3070126
2025072 1
F0005545V01
964967 04
2085000
2016148
2035803
F0029875V01
768796 2
1273612
93882 MX5
2050007
844859 1
2090630
1218129MX15
GF8576
J1157867 C
2033703 2
815771
1197676
121120256B2
1140238 D
41631 RDK
2078589 1
1129513KL13
965683 08
1285390 B
2045408 4
1190390
2071682
2033168 1
2034013 1
GF885178 2
2014579
1064919 I
B2085086
P2030578 A8
993650
539713 04
936612 50
P1199676 J
609035
965597 10
1263733
202601015F
2042069 11
GF6165 2
F0004542V01
2008941 1
GF8935A1
965733
F0001893V01
T415042026
965697 08
990125
P965688 16
1295216 A
2016043
J1181484
941032 3
1220893 E
2015902
GF885129
F0004836V01
2010091
GF3754A1
2033396 6
2015409
2018098
1171364 C
1289517 B
993323
94235 MX
F0001200V01
P678396 85
993258
GF6074 2
F0000696V01
P863015 25
GF3919
GF883739
993739
883883 08
38207 RDK
899318 01
990147
2033485 4
21102025I81
2058932
2085037
854969 1
907338 42
2017627 15
2058575 2
2015509 1
38971 RDK4
GF5424C
2072529 56
945661 1
2015771
2016227
GF8736A2
1231416
945779
P861281B
2040023 01
883560 04
GF5026
P669490
684931 13
936612 20
852439
F0003876V01
1144681 T
1154109 D
1101573PT23
F0029476V01
2076521
GF1170527 G
93950 MX6
2056931 1
882752 2
917150 17
2048119 2
2045280 3
2024210
2057093
2014991 1
844651 5
2047624 13
683618 6
GF1157862
P965697 08
GF8930A1
2033328 6
2014611
P936290 08
965005 07
41463 RDK8
1251768
1045685 D
1231485 A
1206792
1224940 GCN
832682
F0000143V01
975171
86594 MX13
2040646 2
1269300 E
966184
974018 5
1221469 ACN
2034093 2
2016898 2
2025144 3
1087421 A
2048259 1
2011031
2063038 1
993668
1260357
2009860 1
829677
P1252884 A
956264 R01
833729 3
940530 1
1222394
684511 1
956094 R05
833235 B
F0001548V01
2047632
2008799 1
2058577 2
827563 17
GF1227A1
2024075 1
956474 R07
2010447 1
J1247593 B
1258916 A
92084 MX
020720264W2
1166989 E
2030672 01
1260457 G
1268932
854769 5
F0001713V01
810271
939606
2033906
2045640
2015066
1263820
1206713 A
92119 MX
2056646
965882
13102025Y32
F0029791V01
844120 5
2024758
P965753 33
975323
846401 14
1227636 B
41428 RDK7
40025 RDK3
1285401
P967635 05
P2017765 A2
P886800 1
P810078 B1
2056816
833373 8
93023 MX
2059008
2088590
GF885128
1231495
1258789
973705
P841949 A
1218178MZ9
936221 52
854961 1
938494
2045096
854577 1
2015053
2010442 1
810272
725095 79
992906
T601062026
2088493
965652 06
2047935
P909370 07
1262112
2071691
2023A370V01
2034344 1
2017620 16
1193717
P973440 5P
853536 6
2017428
2017807 6
F0004160V01
F0001338V01
2015130
GF8615A2
689136 05
2078699 01
40080 RDK1
2088439
2029769
1153034
2016294
GF885196
2010125 2
2085031
P761776 H9
2025796 2
2017381
2045382 1
F0001922V01
945569 4
2008918 1
1239858 I
40352 RDK4
1067807 PS6
2016001
41215 RDK
2040368 2
2042231 10
2062502 23
882362 02
2040155
952321 1
2006668
2033990
945749 3
967118 3
2032904 9
810224
941251 9
887225 3
1806202612Y
2059114
2007435 3
P852032
1165123
2015728
2057027
F0001954V01
2063308
P666515 85B
GF5425D
1202843 C
1082526PR20
2002479 1
2048187 1
GF5426A
833761 1
811828
P2017092C98
2045697
854817 1
93964 MX4
2010242
827563 13
2040554 A
1217221 F
1200402
992004 3
92869 MX
F0003521V01
2023758 1
2056726
P875804 01
1207254
766492 4
P676518 7
40088 RDK6
92191 MX
2045667
2045294 3
1067685 EP6
833118
1154107 F
P964588 10
2008792 1
2002380
2029401 1
887213 2
999164 5
GF4284A1
1102343
2047711 1
2023650 3
833729 2
31880 RDK
846324
899326 02
990522
833569 1
14082026M6R
2040032
956237 R02
965388 19
P698301 86
1231499
938235 1
993732
1218030MX12
1181040 NP
1231419
787733 67
993836 1
993611
GF4084
1199887 A
P675721 85B
2085024
956083 R04
P985020 14
40387 RDK
92914 MX
1251855 C
966143 16
904511 01
938454
994315
2029433 4
2056746
42630 SS5
2050739 2
2057405
1261596 A
2032752
2010385 1
2015141
2040693
1285423 V
2040265
2051675 1
989711
965671 1
F0000399V01
GF1140460
GF6079 2
2011160 012
2007843 2
80695 MX 7
947294 10
1258743
863114 14
2050745 09
907685 7
2006837
GF5986 3
2040167 1
2088362 3
2023980
P612231 45
811895
2040664 1
885733
2033992
2047777
2024677
2045663
2008674
811894
87441 MX2
P2049222 R
989240
GF6690 2
1248741 B
936612 105
949539
990167
2040594
811804
2024151 2
2008373 1
855292 347
1267969
855302 69R2
GF7053A1
992220 1
P964239
993293 1
2009077
965938 7
1231236
P965022 04
1206630
2047477
994291
938464
2032708 1
827516 45
993344 51
1082620MX6
GF4211 6
994426
855302 B236
31881 RDK
2048346 1
P965890 12
761706 13
855318 238
92154 MX
787864 119C
1295114 C
2041066
1245676
1287034 02
P2030541 A6
679808 BO7
827509 4
945780 4
P682026
560541 16
92276 MX5
994241
F0004314V01
2040372 1
826907 2
GF1099583
2059051
2032539 2
956147 R03
F0000470V01
974815
977116
F0003049V01
949788 3
855302 C569
2016463
2040118
839820 2
782104 4
965681 14
2078587
2042012 02
1258692
J882208 03
2008312 2
PPT79738 83
2034087 2
560414 03
2009192
1268942
GF5156 1
2040538
2015185
2045675
1233095 A
1067990 FS3
20215023V04
2034194 2
949620 1
1263703
BB2047728 1
1263583
883039 04
2050861 1
1237028 MX
993243
2004758
845910 1
GF6384 4
RG MICRO 3
2040360
1218163MZ8
2016927 1
2016971 3
899401 03
1234126 E
1269166
2004175 19
2085066
P678394 48
882251 02
85204 MX4
2024731
41152 RDK9
2014012
F0001164V01
P811973 WB5
938444
2002975 1
853364 9
994237
1260517EP2
936343 16
P900721 F
2045751
965885
2088314
854357 3
2016050
2032524 2
1260604 PT
2033701 2
1193352
939112
2014872
2015586
2040929
2063458
964965 02
1125408
965016 05
94228 MX7
2032749
123456 MMX3
880189 25
2011051
798642 36
682747 9
20220008V01
968312 05
1262097
2085099
1275560 F
2002496 1
P853354 RD
93872 MX8
2015035
41615 RDK
1144624 P
2009875 1
993000 1
853644 1
684913 4
685607 30
2024192
2015109
904507
603606 200
989761
1263569
GF1101680 B
2007251 5
1261029 K
2017236 1
2006931 2
853357 13
685884 32
2014238
2016053
GF8748A1
GF8429
P908518
2010229 2
2032727 4
885358 54
2071651 5
974825
684845 2
2024749
833566 1
J1181376
2015057
2011146 01
1230034
975672 3
909478 22
12112025O96
1185077
J883094
956616
2071819 1
2040632 3
1238560 B
87780 PUR11
41584 RDK
2023A314V01
2017854 1
947908 05
GF1181095
1218456MX2
F0001889V01
917152 23
1291055H25
702476 39
16032026YK8
2057207
92950 MX
886228 3
956443 1
965458
1400544RK12
1269234
968086 90
2037429
P851860 32
725851 6
993740
2024880
940679 19
GF6057 1
92764 MX
2002456 1
1252688 C
974428 13
P681344
1278522 01
2034133 2
2045132
965683 07
GF5425B
2024406
954138
2017646 1
2024111 1
1161772 D
P79347T
1185792 1
2023A340V01
2014491 1
965697 07
948803 1
2040817
1238589 D
2033504 3
1222343
GF4209 3
2015812
GF6012 3
689083 46
1285259
2045651
966084 01
833949 2A
2017232 3
2063724
2006476
1285367 E
994103
2088541
1268968
2034294 3
885912 4
2030541 A4
F0005099V01
974939
180620262X9
40696 RDK5
1195515 T
P965687 15
1159589
P676143 086
J1247584
678131 9
792649
927167 3
2067515 20
723882 01
P2021505
2016901 4
2040241
92102 MX
1193368
2008743 2
2034192 2
964466 10A
993655
940655 7
1031211 C
2045091
2088418
1176403
P968205 400
965148 7
768723
1159197 E
2009313
2045383 1
GF1059962
GF1100838 A
GF3853
787548 3
J1144568 B
GF1059813E
885831 2
F0004536V01
2002493 1
966127 14
899316 08
2088721 2
2050786 1
2024374
2047312
2060672 2
J883739 3
2063337
974773 3
091220258X4
2024026
833530
F1000030V01
2009028
F0002234V01
93691 MX16
2007018 3
2040962
1282048 C
P973390 12P
966107
2009605
1263747
994271
885760 7
1258840
592027 22
94213 MX
2058975 1
938463
801108 06
1263566
899546 24
2945963 2
2015999 1
965729 2
2016375
1248701 C
2011142 02
060520264K8
1263579
2024205
688918 31
936254 03
833910 1
1206799
92602 MX8
F0000694V01
J1212342
833827 6A
1161793 F
2040035
94182 MX3
994101
1262116
GF7191 1A
2088333 2
1268945
1239889
GF6058A2
1267703 A
846162 1
1258792
973702
P645106 B
GF882573
F0001953V01
2088643
2015840
833158
2048296 1
994234
993682
J883020 04
93332 MX9
41447 RDK
J904620 02
2040140
965679 19
2034091 2
949790 1
2015188
1295301
2040150
774600 01
2047082 4
J23065 RK53
F0030195V01
1261792 A
2009764 1
994343 1
41030 RDK
833751 3
2033693 2
1252754 CN
2017136 2
1258742
2048064 1A1
2040597
J1157594 D
2047788
GF2600
2047480 8
826680 02
P852365 6
1247456
994280
1247211 J
1263826
2045056 1
2009919
J883107 01
P682276
2023533
TEST HIERAR
774604 49
1252889 G
2040119
1258864
1262149 A
484874
84988 MX1
F0001199V01
2029698
P698301 49
2035767
F0004839V01
GF09013A1
F0000852V01
P810217
2040224
774138 40
833943 2
1258419 E
GF6590 2
1230211 A
2078591
J1099930 J
966042
GF885152 1
1252694 CCN
41378 RDK5
2009907
843307
P965878 06
J1181454 A
854026 13D
2017602 16
GF2621A
1215868
2016081
906108 43
2085112
18092025R70
2019791
P993237 82
941033 6
2050720 22
1266131 05
2010492 2
1206638
993252
2056858T
1295288
2010096 7
786413 4
2034393 1
1185059
F0001173V01
993982
2017614 10
41121 RDK
1193749
GF7301 1A
2016298
909141 51
936612 29
1197989 B
1166025 D1
714212 13
787733 83
33050 CA
2063694
GF5423A
2071782 7
875105 25
2008682
38174 RDK
GF4146
1207283 A
93019 MX
2010472 2
J1059668
936612 56
20630138 B
2009677
853478 3
P993062 16
2026109
2024315 3
1185110
GF8633B2
F0001556V01
2056589
40747 RDK4
1234126 D
2056602
2017137 2
1041845 PT1
P1258283 B5
P965808 07
1203988
F0005520V01
1253381
1227787 B
829697
801020 01
2023263
1193572
1193323 A
852041 5
685452 40
2018048 16
2085098
1185000
2085083
2040162 1
994584
2002322 1
810266
P2007036
2030199
1258607
798826 10
94148 MX15
41426 RDK9
2050771 5
2034151
92946 MX
93028 MX
P711022 48D
833939 2
993028
2032921 2
965117 7
801146 01
GF6109A3
2016260 2
855318 C579
1258805
798829 06
J725550 06
GF8553
945753 1
F0006325V01
2048378 1
2009872
2040200
899372 23
F0001630V01
1236212 C
F6524255
2023052
GF727783 C
20630380 10
10062026M7I
2033707 2
2033483 1
994498
2026101 3
2029766
1253335
1245645
2004552
2010327 1
994576
993587
2063125 10
GF5429C
20630223 4
1262150
1268978
P886209
1231230
2058829
800441 13
1101771PT5
695170 29
P667694 CC
989503
1234127 E
2088435
92757 MX
964915 10
965601 05
1227649 G
GF7208A1
988646 1
1067883EP3
2026159 1
2063432
2024714
2045136
2047368 4
2040064
30102025Y31
2033685 2
2024172 3
2051574
2049049
833144
GF8067
2014587
1269148
2085035
2017852 5
1258494 A
2049269
854399 1
02072026NW4
967605 24
1203808 K51
124 P
P827516 45
1227658 C
2015670
2010422 4
997165 3
801197 02
2040382
2016176
1244053
24062026PC4
702476 38
947903 07
2040232 1
1261025 C
J883091 04
GF2400 A1
592058 18
1197794A
1144695 R5
2006906 4
2056652
2045067
2023068
826369
1184591
GF8902A1
92712 MX
1239885 C
GF7506 1
966082 23
P886208
854821 1
P2018103 98
P853354 Y
2088722 2
05012026S1Z
41430 RDK3
2017163 1
684866 1
975649 6
853473 3
843735
854175 4
2048185 2
1218172MZ7
GF4324A1
1295180 L
41455 RDK6
883175 01
2085040
2047702 2
2040363
F0001725V01
3107202617A
854652 1
2040521
2040211
1170672 H
1225712 Y1
020720266R4
966120 11
2085121
2045165 1
1262106
2078624 4
949104 1
GF883548 01
2047145 1
993680
2009143 2
904281
F0030013V01
18092025MC8
GF8669B1
1041833 PS2
863658 29
901201 13
GF4522C
F0004157V01
1218449MX1
93823 MX3
965449
29102025I88
GF1157880
862891 1
2009922 2
885962 3
952572
2008761 2
940517 2
855311 C245
1258648
2048035
853471 5
41531 RDK3
F0002230V01
F0001929V01
41371 RDK
2004901
2063504 3
2045822
2006470 4
2048213
2049524
938485
2063002 1
P899338 4
38851 RDK
862490 3
2025197 2
815982 01
833155
2032527 2
22082025BR1
1239839 K
GF6426 4
2040516
GF800228 26
1295080 D
853300 1
2058944
2071812
F0001271V01
2017921 4
1269091 H
726152 24
2088490
810274
2008853
2032918 2
40472 RDK9
990151
2017265
42696 SS5
GF4194 9
40665 RDK3
2033933 1
863755 40
2009626 1
761559 13
2040513
974722
645788 2
2019760 1
P53153BET6
1252767 CCN
P1217300 L4
854402 1
2010124
F0001764V01
2057407
2085086
1251680HZC
2014580 2
1224977 CN
2014612
2010309
2040093
F0000458V01
P682027 1
2058625
2063578 4
2033699 2
2026060 3
845141 2
2010227 5
F0002227V01
28052026E2T
GF8916A1
2023922
844121 2
41518 RDK1
2032747 1
994317
1244061
917167 6
903542 6
2093516 1A
974829
2040034
846234 3
899158 06
2024330 1
GF8913A1
1144745 M9
2045723
38683 RDK
F0000430V01
1190459
695960 51
LIPSTICK 1
2024860
2006669
1295153 C
P559776 BS
F0004847V01
684916 1
J1181127 F
GF7258B1
2063019
2063153 3
2008771 1
993820 1
1196761
93380 MX10
2071747 13
1263748
851967 B
2032746
F0001080V01
2045308
975345
993614
92771 MX
846245 1
2040468 1
L123457
965694 13
2042015 01
2056586
854604 7
2026152 1
1213631CD1
2042058 03
94234 MX5
GF3800 6
2010764 33
853359 9
2017173 2
2046018 2
810323 11
J724932 03
GF4406B1
992018 2
P975367 25
844548 4
1282058 C
833152
2010401
2015643
1213627CD2
2023998 3
851969 B
851978 B
845003 2
F0000491V01
684813 2
2008992 2
2056574
689094 46
1045564 N
845818 2
2008791 2
2034199 2
2063541
1285344
2024795
05022026A0A
826677 02
2015037 1
1038316
2040160
852440 6
F0006188V01
2078588
992946 1
1258845
T110092025
2047504 63
833128 2
2042121 01
826906 16
P973491 1
F0000276V02
2025145 2
1218393RK4
1101941EP2
819637 11
2016187
2042189 01
1211689
2078551 1
F0000265V04
948890 3
F0000787V01
2009747 1
974716
11122025M92
2015770
1185867 07
2010214 1
F0000464V01
768959 1
2026106 3
120620265H7
2048324 1
862886 1
P669494
J1140468 A
660453 03
2063546
974721
2047839
2056919
2063496
2036791
2023007
2008926 1
730702 2
882476 01
1206944
702406 15
P71440
832993 B
2009709 1
1161101 B
J1212343
972270 1
2009150 3
539640 1
2018076
2017344
41429 RDK7
1268948
768854
20215032V02
993095
1197686
862884 1
1082867RK6
GF1161923B1
725271
2016050 1
GF4475D
965124
1244062
2016420
2014590
882973 05
1218263MX
804649 1
2047939
1227789 F
1206340
2019518 3
909222 34
917196 06C
994019
2048417 1
760993 3
33214 RDK
993888 1
2208202509O
685874
F0001195V01
GF2519 1A
845824 2
940623 22
F0001687V01
J883046 01
829774 1
92741 MX
1248845
93050 MX
940550 17A
J1181128 G
F0003685V01
2042082 04
GF1166246
974398 1
954153
2008948 2
973741
880384 10
2015056
81057 MX
J1247504
0806202697Y
2085006
846325
917177 18
885829 3
GF6766A
1295261
1230035 A
944795 2
GF8661B1
2009187
P965035 02
11082026K00
2015589
2032701 1
2085078
GF1784A1
858419 5
2045309
2040650 1
1221470 BCN
854054 4
965785 11
1243821 P
2034340 1
2063744
684373 2
853475 3
GF4494A
2024747
858153 2
GF1140 1A
13112025S51
2010466 3
J884110
855318 C359
P682237 2
2010088 5
993656
965384 11
2018016
1060642 B
2026101
2040914
P965772 04
GF1123304 D
2045695
1210483
994704 11
829778 1
40951 RDK1
2015654
02032026I94
F0004095V01
2056757
1241588
941388 4C
P990847 1
2047697 1
2008760 2
P913116 38
2023096
P964968 03
GF8634A1
1261247 B
060520261F5
2047217 1
P1217300 K
2042309 03
2058907
956107 R02
927647
P804581 11
GF885160
F0001260V01
2071663 1C
993584
846255 10
2016287
2057086
945569 3
2042046 02
927724 4
2033158 3
1263763
964972 04
2017195 1
936612 40
2085069
2017456
1258796
2017869 10
965655 06
2007842 2
1231424
947888 02
992954 1
689235 01
1197590
GF6706 1
P899324 18
2035662 1
F0003113V01
20630116
P827555 6B
2033679 1
997980
F0003522V01
2048319
26082026A3B
140820268VC
90168 MX
1245764
GF6063 2
2046026 46
2025853
1206649
964345 6D
2078608 3
2048203 1
2015673
2029432 3
883595 02
2009172 2
904613 02
42101 SS4
1150615 D
1268994
966236 11
833148
2057330 1
1295298
917198 03C5
1258482 A
RG MICRO 4
689122 07
899501 23
81772 MX 21
2004213
20225004V01
GF1100706
F0000622V01
F0001875V01
F0003197V01
2045939
40890 RDK2
20215014V45
2058905
936612 75
826528 02
2045220
2010120 6
1402020 E
829779 1
939653
2090643 1
20630119
1258676
1165126
2040374 1
41578 RDK
J1059978 B
P559771 BS
940553 7
833832 1
994187 1
1261241 D
800409 06
1238758
685686 137
992889 1
P2010026 1
949727 2
966072 11
970221 04
2033239 3
GF4525A1
2011209
993805 1
2009950 1
2023067
2088476
F0006180V01
844860 1
2010092
904617 02
93040 MX
945625 1
GF6088 2
42480 SS6
1185703 16
F0000257V02
1227656 F
GF4467A
GF5429D
08092025B60
860443 6
113707 8
1295081
1149896 K
854177 9
GF882976
2048133 1
F0001252V01
F0005551V01
GF3914
GF1119047
2010212 1
P852890
974396 18
2033682 1
J1247595 D
GF1181058
1295215 A
730695 20A
1125484
2017332
270320267F9
F0004120V01
1266065 09
92709 MX
804714 6
2017244 2
F0002688V01
800503 07
994253
994162 20
GF3930 2
F0001913V01
993955
P1217310 A
2026063 3
2016261 2
F0001032V01
2024003 1
2058937
1262120
GF885116
2058850 1
2015237 1
2042040 02
994329
1188130
12345 NCH
2036716 2
2040040 2
2048343 1
2023272
2039030 70
761869 09
968224 01
993712
2023937 1
855311 C236
38558 RDK7
1260593EP4
40056 RDK3
954091
956415 R02
2015181
1285054
GF1099409 B
2009495 2
1227561 H
P680179 E3
947276 08
2023256
1206337
37469 RDK
801199 02
P965036 01
GF4021 3
1218201MZ7
761780 35
09122025T81
1260170 B
660591 K
F0001178V01
953692
965961
966118 09
766672 9
936612 01
1277525 CN
2406202626S
826534
854088 3
2004910
20630372 10
994010
190320267FF
1205202
RG MICRO 12
2088383 2
974907
41550 RDK
1260571EP2
2034323
2023A319V02
2088327 1
2047928
973792 3
2001490
250620260T9
2040081
93729 MX26
J882394 3
2011206
940576 29
2040444 1
1238708HZ1
F0002766V01
768772 1
2045680
896097 1
1239871 A
2047787
GF4462A
P810129
1210409 A1
829699
P965697 07
P853385 4
685036 13
2017605 15
994142 12
2008575
2016418
833640 2
2009705 1
F0006326V01
845466 1
J1247693
2063649
2058572 2
2015449
909500 01
2010409 1
2018126 3
2017334 1
899394 13
826521
2048350 1
2034171 3
20630376 10
833568 1
903930 5
92971 MX
974084 2
940839 4
761353 11
774595 04L
20630226 1
1277614 D
2017191 2
1254147 H
2021676 4
310720267DO
1127471
965123
2041055 1
38936 RDK3
2014788
F0000528V01
2045614 1
2008962
1295297
909448 24
1196738
GF8592A1
F0003124V01
2056609
1269397 G
P899605 10
2006771 12
845448 1
2026168 1
2033749 3
GF3928
917096
975339
1233079 I
GF4482A
2050633 1
2016194
2023283
2050614 1
2004657
730650 1
2045666
2049595
P0000748V01
762522 103
GF1087179
768582 2
949537
2058656
815767
2056506
887217 1
939801
F0030051V01
2034092 2
P676143 83
GF8022 2
2009145 2
2049265
P973985 6
1125371
41626 RDK
93811 MX2
1222350
1267959 A
973036 6
38774 RDK
2023A373V01
T521102025
2040146
975165
833839 1
94043 MX3
1282059
J883812 08
994245
1252755 ACN
P2009424 A1
1268677 A
0109202579G
800312 02
1208111 F
86278 MX1
2001305
GF8650A2
936612 28
2040791
2013925
833941 2
855311 C258
1231480 A
P682986
2057204
689158 16
846323
2063082
2046012 16
975609
2010165 2
2025185 48
2017267
2015372
1237029 MX
2042081 01
1231293
2057055 1
GF8803B1
2017579 2
2040582
2047956 1
2048344 1
92180 MX
F0004540V01
2004124
2045183
484632
863603 21
1185075
P2016940 C
GF6385 1
826540
92749 MX
1218490RK33
2009882 1
2035637 1
2004508
J1181400 A
2085088
2021645 26
GF6786 2
J1031166 J
855235 13
2040080 1
F0004404V01
P886344
2025091 2
PPL52022 87
F1000036V01
936612 90
801004 02
917116 7
1267921 C
2040185
995364
P964342 01B
2040547
P965005 07
GF4473A
GF3996
811826
790962 2
F0004140V01
1101685PS17
986469
899710 01
1231484
2004692
853751 1
2032747
903064
993586
965894 02
965748
42080 MZ31
2063721
854173 9
GF727750 H
93851 MX27
39928 RDK
P2010190 A2
2058985 1
993005
954124
GF885137
2058574 2
965814 05
2016391
1240870 B
GF4222 6
1295282
899663 05
761760 66
1258709
2071664 8
826916 9
2085087
GF7025A5
GF4123 4
GF885106
GF7188 1A
917166 8
1261242 F
1258752
GF4218A6
2040415
887749 1
685765 8
F0001926V01
2029792
2063118 10
J80074 MX17
GF4078 3
GF727781 A
2016049
845341 3
GF1181051
2058924
2023020
954187
810264
899552 12
J1059948 B
1208171 E
2006650 13
1213621CD1
39827 RDK6
2045022 2
855318 C569
2047778
2058969 1
948897 2
973752
GF4140
2009905
853535 2
2043042 10B
P965621 08
93957 MX3
2085048
964954 05
1263779
855311 B235
1278550 11
2016818 2
2032609 1
995388
P675300 98C
774592 02
P666559 2
781863 33
2057063
947907 39OD
GF6168 2
812003
885487 2
GF1181208
744759 01
2002312 1
833574
GF885134
2033817 2
1261065
94157 MX6
854170 9
994277
2008668
1101727EP20
885770 4
956437
2015061
01102025SR9
1101930EP3
992907
93730 MX14
P79345T
973976 2
2016005
25112025DT7
2050507 37
846158
974010 6
2025073 1
F0029789V01
2045741
J1181225 E
P673675 86
1295115 A
1251773
PP2049094 7
832684
J1181424
539550 9
F0001952V01
2009027
965240 3
975172
GF8815A1
2040460
GF7441
936253 03
1041786 FS1
2042050 02
994255
844731 4
P852458
P964595 09
P675721 49B
2078700 01
2023A358V01
965678 24
2023429 13
1153027
J725298 13
41559 RDK
GF4501A
946055 1
855292 C234
2004664
1178645 A
761570 41
2009909
2018024 8
1295003 A
1059934 A
1263578
P676143 85
123456 99
2056543
F0004828V01
GF4453A
2002974 1
1236230
2078665 2
2057408
P2010389 A
702483 07
990742 5
T125082025
2008570
F0002220V01
768893 7
F0000461V01
2040514
F0000692V01
2048701
F0001190V01
F0005526V01
1207467
F0003191V01
2045361
P967637 14
2010349
2023073
2019557 1
2063743
994468 1
2034017 1
1153010
1258841
1263757
P80046 35A
965784 05
2063542
1295287
2063124 10
2033648 1
J882575 02
2042046 01
1275601 D
1238930
2023902 1
2050699 17
854392 2
2009604
J1119261 A
2033495 1
2056932 1
2048783
1031053 W
2056634
1244024
966106
2025574 1
2040665
F0005486V01
1268991
2088391 1
2004642
P676517 2
2002379
1218411MX9
973192
883572 03
P964583 02B
J1119228 A
1263752
2015243 1
2063120 10
685686 134
2017429
20023RDK59
41593 RDK
GF8586A1
2048349 1
854402 2
1218165MX7
GF8757B1
IFRA 003
1231408
2016054
560492 01
1253357 E
F0005101V02
1285061 B
2016153
854889 1
1208736 A
2078552 1
05012026VX9
2023A307V06
GF727762 A
F0004838V01
883739 26
1218412MX3
2033709 2
2037259
24062026V0K
653669 10
F0000287V02
965691 15
1178096
1222357
93815 MX5
2041082
965020 01
F0001633V01
GF8625 1
2021032
GF8790A1
827565 20
F0029614V01
1266049 02
1219440 B
GF4502F
2088639
1218396RK11
P952042 4
882492 02
2024526 1
0812202574U
F0003531V01
768301 3
2016407
J1162049 B
GF1157590
2008069 6
1206269
41682 RDK
1231463 A
2063451
974005 8
GF5648 1A
994470 1
2009267 4
2703202603C
2023642
2047929
1213602CD18
682746 1
966244
815816
F0005519V01
F00001
2009284
1269185 L
F0004009V01
948940 2
2040622
939658
1285484PR
833896 1
941388 3
2017808 6
964966 11
853355 5
1257519 X
171020256ZE
2023847
940646 4
42839 SA11
2051608
P787268
P676499 25B
1193752
2056910
1245642
38952 RDK2
994018
F0001550V01
PP80393 4
P852718
2008757 3
2033254 3
2048640
2008223
GF885148
883066 01
2033050 3
723934 01
J882368
1269126 B
994341 1
990159
J882374 4
2040267
880335 12
TEST COMP
2033673 1
560173 02
880391 12
24062026Q82
1285461 B
GF6108 1
679052 R01
974017 3
609564 04
990028
1229056
939234
P899087 B03
GF725693
F0002759V01
2032672 1
2033473 1
945455 2
884208
F0004416V01
689201 09
2034453 1
GF5425A
2063077
P936254 03
727742 03
940936 1
904508
936612 108
941048 4
2047625 03
2021626 12
993617
2010068 7
966021 23
1227623 H
1244039
2013924
768794 2
GF6270
40866 RDK4
2009103
2050635 24
2018075
2039190 23
974139 19
851964 B
1285228 J
P2078709 2
989746
990743 5
899604 08
93039 MX
1244069
20630114
2040550 A
F0000397V01
2085041
GF885126
989802
F0001073V01
P885701 1
F0004121V01
965932 04
J1181011 NP
2016144
GF1099216
92746 MX
1227576 C1
974942
2040099
684860 5
P875105 25
909508 16
2040533
2063336
689074 36
885784 8
P678284 87
973842
956080 R03
TESTDIET01
2048361 1
862591 4
1210481
2033942
J882919
1231085
1185531 19B
GF885108
20630363 1
2021027
43434343
1129796RK9
GF727787 A
12112025X51
P2061634 1
P909049 02
2040793 3
2088318
994503
2040135
120620265R1
F0001608V01
F0005004V01
92727 MX
685912 16
904042 5
85093 MX
92958 MX
1045669 A
2018021
1217464 D
993502
990158
989255
882240 15
885501 4
2024368 1
2045679
2047945
2025575 1
839817 2
2009188
939259
P2017092 86
938446
GF727777 A
965240
2090642 1
956074 R02
992753
GF8921A1
1238654 A
1188785
2018125 2
994594
993822 1
2024429 1
1203744 E
2009110
815772
2033688 2
2015035 1
2057131 1
1151177 SE
1206633
810280
973035 1
2056782
854355 2
160320263FO
993644
768893 4
768914 3
2049218
2090641 1
815774
2010315
954205 4
2016595 6
P973787 2P
730697 6
2023275
939072 1
2047723 3
936061 8
791978 2
GF885120
1269102 B
GF6305A2
685242 7
F1000003V01
2063729
2016383
2040779 4
IFRA 002
966126 06
886224 2
885395 10
92860 MX
F0001573V01
P689094 26
2014578
2024252 2
1231421
1220512 C
2025256 7
2009191
1266132 01
2040072 B1
J1059869 B
1261815 HZ2
965541 01
829679
2063229 1
2024833
P804511 3
899372 21
2076500 16
674217 8
1230550
800085 21
2063780
965414
994267
P2051664 E6
P994382 7
2016047
0412202519O
2024024
P678995 03
GF3551A
2009887
2011273 08
810255 1
2090548 1
768917 2
1258672
2015729 1
833934 3B
2063731
2040727 1
P965895 03
723934 02
679361 6
2025389 5
2015813
GF4105
1293526
991666 5
P2049220 Y
2011131 09
917162 38
863624 38
993825 1
909556 01
2009138
2020545 1
854169 3
2047252 4
92992 MX
P966073 09
1253451
2085013
2042088 02
1269070 B1
1238964HZ
P681345 2
936612 85
815918
2056825
974777
904620 02A
761532 143
2071694 2
GF7016 1
2023241
2023509 1
2008778 1
PPS79462 1
P965009 03
965695 10
947710 16
2047634
995367 1
2023831 3
2040839 1
2011193 5
1236299 K
2033219 3
35216 RDK9
J904279
GF4519A
2085101
93773 MX18
2046010
2004743 01
F0004155V01
1222134
P667437 35
1161070 F
2004924
1101726PT8
974826
FLAG OD
41683 RDK
2045737
2057035
1222392
92079 MX
26052026B15
2078504 2
2033986 1
846333
2016216
38771 RDK
1231239
20215032V15
92929 MX
967496 07
1206625
2023014
GF885121
2060666 4
2088417 1
41553 RDK
42253 SS11
2011203
2078685 01
993781
2040939 11
685314 74
990727 5
956510 R01
2009606
853363 9
40977 RDK9
967473 03
965238 3
F0000474V01
2024569 1
940151 6C
2035638 1
993107
1285315 B
863625 01
994434 5
990482
800264 01
2088644
833669 2
GF885142
GF727778 A
93822 MX2
P2033292 2A
2009079
851960 B
995260 1
1263563
GF3834A4
965886 04
927819
2025076 1
993248
2017612 15
93081 MX2
2078826 1
13112025N86
2048650
833929 3
2025571 1
1227685 A1
1211680
1179383
40382 RDK9
2033169 3
844549 1
1197587
2010213 5
917154 28
854401 4
885726 6
P967345 5
661158 03
2056830
2009602
1170890 E
2024531 1
833846 10
1258842
917151 4
92032 MX
966133 13
1401202621P
2014775
92991 MX
1254146 D
965227 1
P35137 RKZ
993284 1
P1293 N
2041017
F0002091V01
1243516 B8
2058745
GF6062A2
539543 11
994490
2041127
1273670
2009244
2024690 1
2008372 1
F0003682V01
975378
844740 2
2063029
2009238
1248839 J
801050 01
GF3796 1
1207083
560546 02
2006670
685264 56
1230942
2063428
939654
1263830
P676499 47B
2063719
GF7969
1263839
909326 9
2033475 1
GF8023 1
736610 4
93449 MX6
F0006170V01
2088412 1
2039067 03
985789 2
P565870
2025607
484896 M
1261727 B
2026099
2035675
280520266XJ
2048308
854473
1118629 A
GF2780A1
674243 8
2026061
2015604
2004168 6
F0003690V01
2024665
1243639 F
GF8408
J1162053 A
994501
2006948 1
2004640 02
786914 13
1266001 01
816131 01
2045930
902804 15
2078596 1
833772 2
1252812 CN
855416 47
2045716
993102
678867GG
PPT79738 63
993815 1
F0000948V01
854558 1
936190 7
832903
2011239
F0004202V01
904235 04
F0004278V01
2004897
730714 16
J885901 4
810207
P852661
2015052
1258459 D
965688 12
851015 01
1268988
990127
1258800
2009137 1
P853414 2
2008745 2
990196 1
2035630 1
2085105
2014724
1125482
1197810A
92889 MX
2088496
2057208
2088424 1
2015529
F0029683V01
F0003198V01
2004558 01
GF5430F
2040137
964312 2C
41155 RDK2
995363 1
2032916 2
829686
949944 1
1261025 B
787968
826890 02
833585 2
F0030177V01
2063353
GF7504A1
92708 MX
2045186
GF5424D
685021 11
682667 12
41359 RDK8
938468
20630364 1
F0001884V01
1260315 A
1268926
811812
1193708
41372 RDK
1260530 FS7
260120267XO
GF8737A1
2033696 2
993709
F0001891V01
P804955 3
41507 RDK2
P80046 06A
GF7046A1
2030062
938452
964612 10
2025171
GF8641A
1295299
2078564 1
2040254
2045216
20630210
2026103
989078 2
2007076 1
26012026HJ3
2033481 1
927692 3
GF1059947
2078756 3
GF1042A1
1082654RK22
833634 2
F0000523V01
GF4414A
2085055
1268954
F1000033V01
2025199 8
08122025OG9
854933 3
37648 RDK
964868 08A
2009854 5
P908515 6
936333 03
2045025 3
2014617
693290 12
1236592
884770 1
2040418
2029828 1
2041076
2043365
2048359 1
2057056
2009703 1
2002315 1
F0000419V01
08062026I23
2002970 1
2016044
2085044
GF8596A1
8765432
994296 1
1268929
2056603
851981 B
20220010V01
41387 RDK3
760991 6
2042178 01
2034229
975397
994100
41156 RDK7
964587 01B
939237
41620 RDK5
GF42379
P609978 B01
2023258
2078707
GF3984 1
810256
2034333 1
2060670 2
863423 44
801013 02
994580
2017149 2
2039032 52
92080 MX
GF1099803
2009080
826916 8
2024307 1
1084204 D
2085008
993096
2025082 1
38975 RDK5
F0001531V01
F0001907V01
GF7508
GF727750 D
2088382 2
1260456 L
17102025O26
F0000572V01
2040233 1
965681 13
844242 3
2010214 2
1244034
2042067 02
92738 MX
1293525
2017557 4
2047539 3
2063781
2024028
1295307
GF4162 2
2078724
2023948 1
592021 84
800269 01
2023A374V01
1207253
1193268 G
725240 08
1113611
J1157929
965676 07
2026109 3
F0001076V01
2026056 4
92237 MX
1252688 D
1203744 C
F0004093V01
993954 1
2041031 A
2045610 1
2015801
GF1851 1A
952575
P852365 8
1269207
2059139
1263823
995268 1
768943
P1122 SC
2060671 3
1080268
GF725644 03
2010423 2
2010184
TESTMWBK
899495 53
1261777
F0000398V01
GF4926A2
GF1140389
2047130 1
1290127 B
2017371 11
854403 2
689074 27
993506
938469
F0001194V01
1153110
2017917
2014822
92714 MX
854970 1
GF8767B
1263802
2008787 2
93473 MX4
F0029305V01
974937
202509220T
833798
2016752 1
30443 RDK20
936612 52
GF1184729 E
826906 8
2008861
2007843
2010444 1
2048087 1
974772 2
939129
2040373
994487
777592 01
2088363 3
J1140309
2034224
F0003099V01
2010746
2049028 1
938618
2017212 2
956138 R04
815893
702476 81
956360 R01
2034170
P685792
2048252 1
882956 01
903064 03
1041602KL
GF1166471
F0000449V01
93869 MX3
1101943EP1
1206341
93819 MX4
966147 01
682880 2
936252 05
F0000234V01
2010316
993724
839807 2
975449 24
683697 6
080620267GZ
2024806 1
1243840
833147
2033032 1
2008754 2
2007026 2
965606 03A
637349 7
93017 MX
2004737
F0000504V01
2030043 1
2056648 2
1263688
2009111
883081 09
2024756
2025896 2
559829 06
1265328 I
2039101 20
92710 MX
P880286 82
2078725
P838924 A1
RG MICRO 6
994469 1
P689145 01
F0029959V01
2058931
2010325 3
810257
1244016
883577 13
2063307
1052062 B
F0028999V01
2090551
1242561
800238 13
2056650 1
993097
2025986 7
1212309
F0004206V01
F0000623V01
863133 6
2017807 8
1268664 H
2063497
091220257S8
2023525
2018128 2
2045897
993665
41668 RDK
2023650 2
GF6672 3
2040106
P899507 46
2040503
854815 1
2004644 1
41592 RDK
2045293 3
684428 2
2017945 11
2040662
2024125
2056834
20630385 10
2041093
2017272 2
2050743 38
P994341 2
GF885180 2
F0004139V01
1231277
91870 MX1
2014774
993497
2001300
725568 2A
110820269I0
854399 3
2015792
1262107
2049434
2026027 3
2040691 1
P559772 SD
29102025KG1
883099 01
993706
F0000386V01
1231237
1244631 F
617890 O
J737325 2
J882206 05
F0001914V01
GF3843A1
744815 12
815839
993581
678120 4
1222321
991863 5
2029827 1
F0001019V01
989075
2015794
1273603
2063352
1067796PS11
974720
994349 1
1060564
886219 3
F0003693V01
38687 RDK
P2009975 A
2007496
2056908
1221457 CCN
GF6189 5
2007015 3
902446 6
877882 02
GF4099
2025505
1245765
2051509 9
2047491
1220118
2040626
2010957
2058811
1265145 E
993244
2039102 23
93356 MX7
2062022 1
PPT79738 98
40012 RDK9
886218 3
833817 1
826682 02
41089 RDK1
2016593 6
40536 RDK
1262109
P899466 04
1123014 A
833807 2
L1
2043017
93365 MX8
664976 10
2047216 1
1244132
F0003112V01
917183 45
2009198 2
997472
41590 RDK
1199712 C
0809202540H
2047971 1
2009641 1
2016624 17
GF1166333
965445 08
1234016
2002310 1
P964964 03
2045164
975341
P9379052
2033920 1
1258453 I
2025066 4
939273
862107
1263697
863434 05
2090531
05022026IN6
1238532 B
94044 MX7
2025532
2045086
J1247633
2009020
954196 4
2048293 1
2023261
GF4142
1278508 01
2045886
1193733
2071517 E
2048202 2
1253460
41707 RDK8
994262 1
PY0362536
774618 19
2043264 2
2004625
2019522
2088458
2009499 1
974750 B
653659 7
949447 6
903497
1106019
973749
2043299
2008955 2
993666
P965444 08
GF727782 A
977141 01
2033027 1
994583
2045733
2056709
2078720
20630216 1
592063 18
1161308 I
P2047723 3
GF7945A1
2023084
882991 05
2009851 2
685741 14
1238945 B
GF6055 3
940832 10
1278523 01
952573
938603
883832 02
862933 3
1211690
993710
J22001RDK21
2060664 4
939238
787864 119B
899246 04
991975 4
852150 4
725687 05
993664
993091
2033996 2
2056719
2010241
2071628 5
966057
2039055 06
2029694
P2018103 83
2088806
954143
17122025T1P
1237014 MX
2023854
684417 3
F0003023V01
2024144 2
F0004837V01
140120262I9
2008857
989942 1
1197898
683920 1
645568 2
P993509 21
994276
2016385
13042026FC0
966005 1
761490 5
990142
1278546 01
904512
2016075
GF8812A
1234 OTC2
2048121 1
P2024056
GF6043 2
2047930
1193731
1247047
2034173
854885 2
947902 02
P841357 B
1262147
645847 4
2017291 2
2040238
2002981
2015793
F0003110V01
965757 05
F0029722V01
27032026Y38
2043165 1
41710 RDK8
1240792 N
1157578 A
GF1059912
2019539
956111 R05
855318 29R2
2045069
2063711
2024759
1237021 MX
2078568
93016 MX
826436
839811 2
2047672 2
1252684 PCN
832910
2024692
2043343
2023055
2032548 2
2008550
1278544 01
F0001380V01
92344 MX
1248837 D
F0000507V01
2016185
14012026ED1
J1181031 D
131020258Z7
791438 1
GF882753
2056861T
41714 RDK1
2058845 1
J1162058 A
F0000952V01
2023998 5
2033241 3
993612
38258 RDK
2050793 1
854499 3
GF1157687
1218494MX7
1231245
1278541 03
2015111
2048188 1
1101945EP2
2045409 6
GF3068B1
2018019 4
2040438 1
952411
2014603
1252798 ECN
1231242
990046 1
2040513 1
909207 11
2007849 3
862888 1
GF5903 1
2032528 2
2058976 1
2015528
993770
P966078 06
900371 10
2025178 1
2056934 1
994316
P682228 8B
2032709 1
854363 1
1144559
2017870 1
833275 B
92903 MX
885871 03
2017333
2506202670U
2005012
1067728PT15
2034124
2061107
GF8951A1
1234125 D
2050224 1
1206651
833562 1
41477 RDK5
1244394
2017731 4
1187210
2048199 2
815790
PPDM80553 2
833576 9
1141551 B
2024912
91909 MX1
F0004537V01
2043143 3
1267828
974719
GF882297 05
2033633 1
GF4859
974426 20
2056924 1
1244393
2016318
1266012 09
36213 RDK1
2015406 1
P80487TTK
P676499 SA2
974816
P968179 05
2024389 1
684837 1
2010162 2
973825 13
2040138
2058934
1206954 A
2011194 1
120620265VU
1269147 D
993729
1187154
827563 14
2050502 03
42971 SS3
1203801 A
P852004 3
768670 17
GF4715 2
26082026P44
685904 3
941386 2C
P886203
645353 2
645729
GF882314
1224951 DCN
F0001917V01
GF6003 2
2016146
936612 39
992987
852175 4
1206647
684728
1295338 C
861957
2004643
2017747 11
2040624
P993540 2
909255 61
91869 MX2
956624
695835 12
2048334 1
41606 RDK
804730 4
2008797 1
966079 08
2064016 20
801109 09
P675300 03C
F1000006V01
1231267
2085036
885781 25
2060626
2085068
2045664
1285258
2033485 1
2008721 1
P964910 10
2026098
2043241
768303 10
2047631
2057332
2007113 3
1263743
2016079
965256 2
853404 6
2023929
833567 1
94232 MX3
852403 7
2045771
1129937RK5
1228620 A
855302 C579
993278 1
685361 26
592010 000
882497 01
2058738
P964585 02B
829835 3A
1283814 B
2049604
2063783
909396 26
41377 RDK1
1263790
F0001244V01
1185068
L4
2007838 2
768767 5
936612 97
2045181
2024593 1
2085122
92100 MX
1197787A
J1157867 G
GF4080 1
GF885133 1
2009743 1
909307 10
2085094
GF885144
2018096
1233078 Y
1203746 C
GF6425A4
2016107
F0001543V01
973019 2
2017132 1
826062
885966 3
909400 05
2039007 101
1222217
2045410 5
1202134
2049226 1
2058974 1
P994603 1
26052026JD9
F0001463V01
2088388 2
1242672
2017873 10
2033936 1
965226
2033841 2
2039067 11
965382 12
2017911
2017190 1
1258734
93814 MX7
1237032 MX
2058661
P761198 2
853476 5
854938 3
965708 1
2088572 2
1295276
P964969 04
GF727766 A
964909 01
1165117
RG MICRO 10
10062026Y01
886404 3
P853354 W
966077 09
2009021
GF885132
2078692 01
956415 R01
2047194 2
1238812HZA
1261576 A1
2040215
2009199 1
P2006718
2048408 1
08062026QN4
P761599 34
GF1129802
2024789
685894 16
P965688 13
GF885183
908090 7
160220262Y7
P852930
P968222 09B
977142 01
993689
956471 R07
P675300 25C
2047753
2033380 1
975173
P1217310 E
941247 9
1244564 F
P852004 7
88400 PUR11
F0001565V01
993676
2063572 4
970129 04
1262108
854934 3
1243617 A
2023A322V01
2043041 6
GF4139 2
92872 MX
1295256 D3
2016393
GF3989 2
P681346
P929834 16
10062026B2P
T401062026
815947
P678394 83
GF4108A7
902444 6
1245769
1082781RK4
1026310 E
39937 RDK3
P875805
1295083
2048426 1
1207398
GF1150585 G
GF4498A
993172
880319 23
2088720 3
992947 1
1261462 C
966082 20
2009268 1
92861 MX
41541 RDK
2008863
886258 3
844319 4
2045597
2014580
851478
2006976 15
2009794 1
970186 06
1242193
2033669 1
1205066
F0002208V01
PBMT80394
966051 13
762215 49
1161069
2047938
1238548 C
2014669 1
2017943 11
2018128
2051577
20260717Q5
845079 3
833237 10
2017569 8
2015769
949729 3
2085017
P774564 07
1212310
2026102 3
2007221 3
2063076
936317 18
P681346 2
826532
995258 1
768795 4
1153242
39505 RDK4
GF1059946
GF4324B1
2058670
GF8818A2
F0005164V01
1260375
2023070
F0005983V01
34686 RDK
815641 02
93751 MX11
J1247622
F0004827V01
2008869
949785 3
2015187
811899
GF4152 3
992964 1
1290144
2033724 5
2047751
2063710
2056935 1
2078645
992757
2023423 14
P80046 08A
899602 07
936612 54
2050729 7
2078649
2010470 2
2040059
1203918 K8
2004175 21
P678284 47
994596
F0005546V01
945750 1
1242544
2009141 2
2023009
2040357
2001181
826507 01
883597 04
2040059 2
42207 SS2
1260455
714333 02
93761 MX5
964956 07
B2047041 14
846327
1218461MX1
2009066 2
863351 24
1151209 B
1268682
1295308
1262148
2021586 14
2040467 1
949563 1
2002386 1
826907 3
2063433
2056607
730627 17
852997 6
956238 R01
992965 1
J725803 2
J883859 01
2045686
714607 12
2088514 2
2014176
2004466 9
GF6091 3
973211
2004554 09
2039050 46
2015054 2
1251674HZB
GF1140388
2056523
41153 RDK6
965677 12
2078561
2010699 20
940516
P798701 16C
2040393 1
2010199 4
2023075
GF4499A
853365 9
J882631 01
990135
990154
P682453 7
2039125 10
1101336 CMM
1205208
2040866 1
2056626
GF1121506 M
855292 36R2
862892 1
39962 RDK8
1165711 K
2088495
2040070 4
2095581
855302 C359
2040047
2023122
1269167
768750 1
41337 RDK1
2040695
2040410 1
J1247514
1101757ER3
993653
965023 01
GF7381
1223786 ECN
36990 RDK2
724071 07
810258
965678 22
2045026 2
1253436
684929 1
954144
853480 5
685022 25
08092025I7Z
973212
93384 MX19
1041820 PS
1219398 B
GF8834A2
801140 01
2039108 16
2040809 1
2034038 1
P966079 08
2088438
2010259
994275
2040530
92012 MX
F0003791V01
2048294 1
41573 RDK
945709
2020216
2006739 3
882588 11
GF4103 10
939230
1206795
1266132 08
P855236 6A
1211688
T107052026
966182
94058 MX5
853757 8
2056610
1058279 B
F0006058V01
2056600
GF885195
P965676 08
965239
993279 1
1041764PT3
989074 2
P965649 54
2045631
2078634
952568
2010115 1
1295318
852282 4
833861 3
121120258OI
1295321
J1082489 K
2049026 1
2024001 3
844731 2
1207241
948936 2
1211696
GF7961 1
1159759 A
954134
965447
685889 18
938470
01102025C9V
20630134 B
2017807 7
GF885191
852041 4
2085118
T202102025
975173 1
2078593
2010481
2010408 1
P2047102 01
2047506 22
833820 2
F0005994V01
949946 1
1082846MX9
2010907
F0001075V01
2045705
762586 13
965979
863484 11
2010910
2042068 13
2016220 1
1257527 Y
1243523 P
92908 MX
964969 04
2047557 1
080920251YL
P974005 7
GF4462B
F0000582V01
1190428
1263564
20251030Q6
2004662 2
2007022 4
994585
2042107 07
F0004094V01
1239163
1252683 ICN
14012026V82
2043019
1193707
1292501 G
993685
609866 16
41186 RDK3
2015773
1268976
F0000522V01
829675
P869584 H18
2024827
2033934 1
J1181338 D
938461
688463 65
683698 5
974010 5
863610 17
761398 38
1239935
965669 2
949665
2090544 1
F0029618V01
2047729 1
1258738
1199765 M
992882
2040247
2011251 11
2015896
GF6692 3
P964582 03B
93791 MX5
2015987 1
714268 09
2025828
P609362 7
P936253 03
F0001104V01
F0001924V01
853700 6
1242506
P666800
994236
93829 MX6
2045592 2
965441
993980
43033 SS3
899519 16
1238729
974388 4
1221438 ECN
TESTDUPPROJ
2040470 9
2023086
41545 RDK
815952
2056912
41571 RDK
2008872
2048310
GF4467B
2040502
1263749
1165121
41579 RDK
2023090
801144 01
899496 13
GF1157867
2010168 2
P782115 17
2056624
202510174T
2015134
2056573
974003 8
F0001331V01
952749
2085100
2036789
980016
833331 23
689169 01
2023155
123456 MNA1
1230037 H
1162298
1218432CV5
GF3840 1
810263
GF4056
2010240
1295277
1275511 C
2017153 3
972295 4
080620265RE
2048647
2063734
2040581 C
1265195 E
2059111
1205429 A
1260525PT1
P2076500
1101895 PS2
P852719
684022 2
GF3911
2045739
1205640
2088446
GF2685A1
941518 16
975109 3
2006585
2023534
2023436 11
880376 03
2033675 1
P1113524 E
2040102
845773 2
949443 6
J904282
P964914 04
965684 12
GF8045 1A
P678394 25
2085038
2008856
2011150 32
965381 07
1263824
1183529
123456 68
956446 1
2048333 1
1243520 A
2040052 B
853355 9
846394
956105 R01
2017623 15
947174 02
907906
685749 26
2032728 1
2008774 2
1263692
974819
2048641
2026055 4
GF5657A2
1187198
P2403M
J1015053 NP
1263819
2008718 2
833628 2
993763
2088378 2
2071743
1218027RK
J1181475
846204 2
1295311
P80046 47B
2016341
1242508
1237016 MX
2029770
1211698
1260512EP2
2004732 01
940555 8A
2015063
2030541 04
2008851
GF5985 1
994351 1
GF8738A1
1227921 B
2088326 2
854181 10
2045087 1
2048431 1
F0004318V01
1227572 F
F0001467V01
2016233
P677397
2023038
908088 7
844672 3
854183 6
2090558
1197677
2078774 1
F0001239V01
2008715 1
992237 1
966157
2042162 01
811817
989752
2026519 1
2032515 2
P886209 1
2047083 3
P984556 01
92924 MX
853540 3
GF4521A
2034088 2
2004902
2016080
1261421 F
2017891 10
974780
GF7921A1
2059115 1
22082025E89
994430
GF885123
2015767
2024534
2006774 3
1230213 A
974466 3
2032915 2
1285495 A
456351
965729 1
2007193 2
2040055 1
2085073
939209
1285391 B
P575442 09
2040653 2
993736
902442 6
F0005986V01
2039038 54
2056651 2
2016174
2015970
949445 8
2034152
993715
F0029341V01
2042018 01
2015117
2016234
2063456
2009250
826916 10
2056813
J1181127 E
994425 1
1206659
2033217 3
993287 1
986242 1
917153 3
P964466 10
F0001238V01
2047662
F0005995V01
829775 1
702492 01
2043200
954152
GF6052 2
2017644 2
2051559 40
2017989 50
1233082 C
2088570 2
2008683
J1247594 A
730690 8
811887
P75048TTK
2088390 2
948805 1
F0001714V01
2006841
854180 7
20630220 2
P999052 W
2033472 1
2058614
1231471
2024867
917012 6
994358 1
1238807HZM
2007854 2
2023273
854050 2
997979
GF4166
F0000375V02
994471 1
603842 54
12062026I7Z
1266030 11
GF1157935
855254 29R
993238 1
2015238 1
2063776
2033719 5
974112 3
2033985 1
F0001198V01
947903 06
1263799
GF727750 C
1211681
P99118 6
1227525 D
1041757 PS3
786257 6
885861 12
38953 RDK1
2024035 1
2007020 3
854937 3
484634
P645096A
1206800
2009763 1
RG MICRO 15
2040434 1
GF4002 2
927691 2
1153011
2008789 3
35137 RDK29
2041084 1
993494
2088610 1
974427 2
885964 14
J1059932 A
947691 06
2034371
2021627 1
2033943
19022026DY0
949446 4
2057020
1247619 A
2017995 50
994192 6
1031367 C
936612 89
03102025IF1
909386 08
1205415 A
P2047297 04
1218498MX5
F0001022V01
801149 02
2063436
2047721
993783
92118 MX
1263787
93767 MX26
974186 20
885759 9
826756
2090546 1
995385
J883092 04
2058895
GF8885A1
886202 2
41032 RDK5
2029965 1
85205 MX4
882273 05
2088725 2
1251300 A
GF8677A1
2088470 2
F0002218V01
938232 2
902755 2
93866 MX7
684875
2010286 1
1295124
1263696
GF5430D
2045190
1206676
GF1067659 A
1225064
2023016
936613 47
1153250
1263919
966063 01
88349 PUR9
GF1019A1
2040763
1263700
2008702 2
2038006
2047708 3
GF885198
1278509 01
GF8669A1
1227569 K
J1157576 C
2063121 10
GF5699 2
994417 1
956416 R01
P681371 7
886333 2
989719
2040066
GF1234 2
2004765 02
92715 MX
909411 06
F0000524V01
975004 9
854567 1
2056511
P899688 14
GF3839A5
92737 MX
1178091
2009248
853640 1
899671 39
774569 67
GF1059923
592028 23
854566 1
41634 RDK
2015606
1295309
2010445 1
2078759 23
1274964L4
853704 13
P853354 YE
936612 107
17122025N6Q
2088332 1
1060875 A
2078579
2040225 1
85772 PUR 2
1244031
35114 RDK33
2047711 3
2057053
2004666
2008672
J883177 01
956101 R03
14012026WF0
2058847 1
2039182 31
2032511 2
940155 3
41671 RDK
1268687 B
1041774 PS1
2039194 07
1267713 C
560670 01
2017853 8
2040848
081220252C3
1268683
965114 03
1262083
846336
2045836 2
956198 R03
2010326 1
GF6265A2
1193571
41185 RDK7
F0001527V01
994437 1
956232 R01
1001482 F7
740011 13
995257 1
43201 MZ5
2017409
993099
1295354 A19
853356 7
P852891
2010338
2025321 6
F0001328V01
1215823
2014929
GF885101
2032512 2
2033939
1127429
J883542 02
995386
993720
2090527
465990
2029560 2
P2071584 W
1262145
P798700 28
J1157978 L
20630379 10
93888 MX1
2004167 9
92859 MX
1164903
1268684
1129802RK12
1262117
2057128
994356 1
965933 04
1210447
2063545
1258729
936612 110
2025095 1
2008313 2
2021640 19
GF4149
938616
1225711 R
1205312
F0006173V01
800203 05
2007368 1
J1015359 C
2015113
862450 2
GF7502 1A
2015809
995392 3
603688 30
2015976
2023A363V02
2010311
1207240
815358 01
854277 3
811827
2085025
1064573 G
1193366
P711022 83D
2056771
685783 35
2063588 4
40657 RDK4
1220004
2024863
2009694 2
2056707
800452 20
2009269 2
GF4324C1
1238731
863446 05
2009821 2
1218168RK18
GF4408A
2041020
2040263
2056702
855254 C239
2010747
1222034
993778
994454 1
36832 RDK2
2010298 1
1206640
P974995 17
2040266
2033474 1
684912 4
1260595 FS
P2033146 4
2090631
1400601MX3
2040802 2
2029403 1
2045656
2056605
2078570
93817 MX5
2014682
2040628 4
919058
2016790 1
695419 2
965884 2
1238854HZA
2015971
2045709 2
2057164
92126 MX
1127439
1290092 E
GF4097A8
2024742
974466 4
965591 01
92982 MX
2078565
2025716 3
2010328 1
989741 1
P1445M
833310 3
992235 1
F0004840V01
P880304 H24
1273668
2004655
F0001191V01
93959 MX5
P203150723A
815513
2017339
GF882828
834136 01
1902202680J
GF885149
2042176 01
2024193
2056705
827527 77
885841
41669 RDK
815775
993240
815925
954136
2024354 1
F0001529V01
968310 04
966140 02
833160
2009868
1261653HZD
965745 03
93843 MX1
819637
2010474 12
40522 RDK6
GF4005
2032919 1
994347 1
J1119262 A
2024419 1
2048786 4
2015121
2017432
2063460
1277503 KCN
993256
1290202 C
2024200 1
J1059876 E
92915 MX
GF8587A1
F0001900V01
GF1031008
2017188 1
990168
GF8676A1
2033477 1
91943 MX1
994165
GF5419C
F0000943V01
939221
1211678
RG MICRO 2
92832 MX
92877 MX
875041 16
2051531
2088561 1
2041035 5
P79877BM UB
F0029299V01
2032526 2
825445 1
2024721
91999 MX1
974715
2046011
2040549 A
1261778
F0004601V01
2063695
1154166 HC
F0003097V01
2045683 1
993481
2040101
P678394 47
2004746
2026090
992884
909244 04
2017554 8
994254
2017168 1
993983
1203990 D
854272 3
880389 14
36217 RDK1
F0000994V03
761745 1
1268930
854270 4
1263573
974349 2
1239813 E
2040374
827527 76
786529 7
GF7015 3
J882481 01
994422
1245767
2063547
2043251
F0001724V01
2010163
603606 198
1246506
P936403 05
160320261AY
F0030354V01
1295103 K
2024453 1
41033 RDK8
1197341NF
2047690 2
F0002229V01
2009888
GF3567A
1239875 A
2085011
20220013V01
2034154
967677 04
2033486 2
F0003102V01
2078749 4
2033789 3
F0004066V01
260120262V3
1244025
800270 01
GF8812C
994465 1
2033846 3
2040152 1
GF1170697 A
2017871 10
GF883521
2045893
974013 8
P853751EY
2007120 4
1263759
991880 3
PP75331 25B
2011154 01
38219 RDK
42102 SS4
1220685 O
2033848 1
2004658
F0006177V01
2032522 2
1282018 A
F0003186V01
F0002093V01
2048322 2
990171
994433 3
2020214
2041075 2
1185056
F0003856V01
2024913
2033213 3
P54320TTK
2056638 1
P965804 6
964968 03
940838 7
2050689 11
F0003192V01
P952034 6
GF1165682
2009210
2016002
940835 4
P682235 2
2024607 1
43127 MZ4
833489
685838 10
1295085 C
974964 7
2088347 1
2071550 1
2058849 1
2015346
93534 MX22
1268993
1258680
GF8876A1
39506 RDK8
2011204
2045696
F0006178V01
1187882
1231263
993852 1
940833 2
F0000395V01
2032751
899468 02
J725197 03
2009876
92870 MX
2004800
2045654
2048304
2023071
2002376
689119 33
776849 2
1263712
965801 08
994184 1
J725853 2
986238 1
2059007
679055 R04
965774 10
2024265
P863675 06
1266010 03
2016274
41538 RDK
2026057
GF8528A1
1285278 L
2047495 1
880270 4
081220255K8
989749
F0000605V01
2008732 2
966006 1
1261603HZO
854549 1
F0002226V01
2040075 1
833238
2009999 1
2063576 5
902963
974940
2088441
967634 04
993762
1205400 A
846337
993098
1206631
2058972 1
1189285 A
1262141
939745
851966 B
1231414
952471 1
1230037 F
2008779
P2018103 87
220820250BU
F0029797V01
2072513
2033995 2
2015583
965684 11
J80074 MX19
2088311
1195366 A
P852457
F0004849V01
2029967
1221182
2015641
1227012
776848 2
2088671
GF8540A2
2088498
1266002 15
2045985 1
2026093
2014587 1
1263918
20630377 10
936612 43
GF8636A
2047859 13
994441 1
P682269
954195 4
2015573
P901625 A2
42631 SS1
180920254K3
F0004843V01
GF724271
1045576 B
965410
GF7193 1A
GF3960A6
2029696
2058933
GF6114 2
38974 RDK6
J883878 01
2040176
GF4137 3
825723
P2024481
P564727
GF4076 2
829703
725000 13
684835 1
P667437 98
833404 A
F0003125V01
854047 3
833915 2
F1000028V01
1258719
592068 05
2078639
2009961
2085093
2047612 16
968263 04
2018100
P919032 H3
2026107
94162 MX9
560040 07
2058747
774741 01
2040446
1206644
1285311 A
994386 1
2023982 2
846338
P965384 11
762508 133
33114 CA
P965688 12
2007907 1
965708 2
F0000575V01
1207302
2017569 B
P899336 5
939245
20630221 4
2088579
J1193570
1195513 Q
94178 MX8
862881 1
966177
2041003 1
695900 4
2033849 2
2093518 2A
20630344 2
2016288
863759 03
P678396 48
2063329
899619 08
974467 7
1100965 A
F0003793V01
2042011 07
1243613 HN
744881 01
939660
2048117 1
2085034
1295012 A
689221 07
956615 R02
1211676
F0030355V01
2025829 1
GF4158 1
1211686 A
2010123
93854 MX9
2056724
J1118702 A
1125368
2026064 3
100620260GX
939659
2042194 06
F0000517V01
1222487B
863235 06
2047692 2
2024719
2008794 1
995256 1
832686
P964953 08
123456 69
2040261
2033907
2016151
1187196
1207221 A
1262152 A
41633 RDK
P967601 07
1180753 A
973743
2008315 2
91911 MX6
940532 8
885811 2
17122025F57
2048565
2024751
1207239
2024738
1161325 F
2040141
2047643
1263814
993840
85217 MX1
1275565 H
885897 5
GF4325A
1164917
2048345 1
917063 16
1231474 A
P943826
730704 25
846381
GF885118
F0001866V01
947712 103
2025714 3
1129790PR13
2015236 1
2040595
2045528 1
2015977
40979 RDK9
1290080
2045628
833671 2
2040198
P965025 02
1082383 F2
974724
1206796
2085067
956480 R01
GF4500A
F0001871V01
811877
829676
90995 MX
1285304 F
2034175 3
2010178
43214 SS1
2011205
1165784 D
2023081
846244 1
1278524 01
GF885141
855302 C234
974013 7
936612 98
2033156 2
2043360 2
GF1013A1
2036799
2040234 1
F0001028V01
992996
2023994 2A
2040575 3
2035609 1
41543 RDK
1218244PL2
F0000404V01
833834 1
603664 52
2034336 1
908291 42
1261675 B
685001 39
2007060 15
2078688 01
1278507 01
685515 10
975671 2
2014990 1
2042143 01
994607 2
2023021
948806 2
40190 RDK
1185573 15
2033937 1
GF4157
1161444 FB
936612 38
GF8940A1
855292 C378
2033792 4
2024917
1067783 PT9
2026135 1
P1199676 I
993678
2040180
2047838
684816 2
GF8790B1
1291095L18
854087 3
845140 1
P975386
GF8653A1
2063116 10
2014776
2063438
2040519 A
975376
941388 5D
2029569 2
GF8667 1
1254150 B
2024802
1295092 G
2064000 31
2040950 2
2023A362V01
F0001187V01
833336
2030659
1268966
2025081 1
P2026617 A
41136 RDK
2010476 3
833851 1
679808 BO8
P993751 3
40984 RDK5
93024 MX
940817 11
1242194
P678284 98
2060669 2
853357 8
592019 16
J88356 PUR9
2085123
2040532
P965694 14
30102025S3M
2024152 2
100620261Y2
2016171 1
GF6330
768776 1
993675
2009333 1
2015407
693242 8
2048198 3
994305
965701 1
1231288
P965007 04
855254 239
761784 62
P993946 18
33048 CA
GF1161071M
1263745
P591243A49
1219406 B
966071 13
1285415 M
947915 02
F0001188V01
J883802 01
2040573
2024000 5
725452
TEST IFRA 2
2009608
994324
2024002 2
1295293
738174 08
974465 16
2040960
F0004393V01
967645 18
J959115 01
2088401
1129787MX19
GF5196 2
J882912 06
92022 MX
906497 2
1045733 D
2008729 1
725229 11
726109 57
2048423 1
2033030 1
2047390 2
2078621 2
41576 RDK
1028369
993276
J2071729 3
2076526
2033191 3
1603202626K
2021627 2
1248728 F
2029185 3
1265189
2032710 1
2009826 3
1263840
2048721
2008959
919104 8
2016003
971219 12
2048301
2047475
P676499 83B
2032516 2
P54198M
F0001081V01
F0005498V01
885859 1
2004810
2048411 1
2078572
J882260 01
2016319
92729 MX
05022026I3P
P676499 03B
2023947 1
2048192 1
1261267
964657 04
TESTTTT
2024739
993690
1262076
899603 05
990039 1
2024179
2017273 2
1252887 JCN
2047844
993486
92979 MX
GF8589A1
1202750 G
P669850 A
P711022 47D
1231423
833911 2
2047195 1
899375 05C
2015122 1
P852034
2040655 3
J1157930 B
2024351 1
1082616RK17
1129927MX14
2023940
2051589
877597 12
F0000601V01
2043297
F0000499V01
19032026VR7
725960 23
2010306 1
2071698 2
2026146 1
2010457 2
2078597 1
2002316 1
560444 15
1045773 A
1236645 A
965509 1
93480 MX6
1161340
2015116
940824 4
682884 4
2108202697W
1244066
P2036708 2
1185529 23
PY0362436
B827525 23
2041088 1
310720263N0
2024767
1263834
965962
966055
730658 6
885834
J904603 03
PEXFAB01DFS
2040524
973703
93035 MX
855292 B234
994094
2056507
993300 1
93479 MX7
967132 20
2040572 B2
2021029
965970
2083015
1144747 G4
1283041 B
93850 MX7
2009911
1180993
885839
2060673 2
2040744 1
P667437 35E
P968044 33
1178100
J883826 01
854170 4
P877744 12
1266011 17
1269151
792653
1231409
727745 04
F0002691V01
2026172 3
2048297 2
2078827 1
J882925 03
863309 12
26082026C79
F0001339V01
2004903
966206
F0000219V03
2026059 4
2016309
2002229
2016497
2035753
1193361
2063148 3
1247558
1231244
1153025
GF885177 3
P559775
2050062
2056859T
2015375
2090565 2
P965689 08
2071867 02
1260580 FS
2078510 27
1252287
2009149 1
40581 RDK5
P1445TF 1
P678394 A
40947 RDK
958080 4
1239925 B2
2047652
993782
936226 01
1220016 B
854746 2
GF5421A
2010105
1193574
P869585 H10
936612 62
F0000827V01
2048200 1
P993381 4
P2078628 8
25112025T6U
GF6286A1
92960 MX
41581 RDK
2078584
2015241 1
12112025J39
2043238 4
2034188 2
1058275 G
938473
826360
995252 1
41677 RDK
833930 1
972282 39
1185004
1101923EP3
2040654 4
J1181221
2015814
12112025U6L
2015183
989759
991092 5
810267
P973976 2
2063313
855318 C239
2083018 1
800187 05
885041
GF4495A
2040940 7
1285233 Y
936612 91
2032911 2
800506 02
2029968
1222348
2032726 1
1207054
P681345
20102025BL1
2032520 3
985737 2
92105 MX
1197821A
833938 2
PP79055 1
2085106
GF7265 1A
P2071584 O
2047752
724555 06
F0029719V01
1245636
2023237
P886204 1
1185871 14
P668262 1
GF8834B2
P810203
682885 2
994481
1151508 B
854348 1
682882 4
1161793 E
1041825 FS
1263769
1262121
F654321
1269439 A
975110 3
1228545 C
P965765 10
1161144 G
P675721 47B
GF8789B1
1230245 Y1
2045634
1233067
1295182 D
883100 01
P964594 14
689010 22
2009197 3
966007 1
833372 6
2024353 1
GF6068 1
1181415 C
1243866
994015
965649 54
2071792 01
682852 4
2029240
P559770 BS
883106 01
1195507 F
2024768
GF09013C1
1268566 E4
2009247
2017754 11
P937801
F0001193V01
F0005357V01
2010114 1
2040818
P2016940 A
852525 3
41118 RDK
768795 7
1193350 A
2029993 1
F0001927V01
93846 MX1
2057057 1
2019526 1
2008673
863742 03
853402 12
2063309
744882 01
2090552
1153032
2040569 1
260120263K9
1197563
GF4864 2
F0001547V01
2040609 2
F0001544V01
F0004320V01
833800
1008941
2047922
2016592 6
2045282 4
2024456 1
994589 1
2032703 1
3107202643C
L2 MOD
2015906
854881 2
P965018 05
41417 RDK
714304 01
974164 8
P1051950 B
854971 1
2072506
966240 01
990994 2
2009070 1
F0000443V01
832681
2035809
854349 2
592010 132
2019631
2040246
974115 2
1206634
GF4219A7
965819 05
1263736
GF645455
92720 MX
956391 R02
2016255
GF8605A1
939211
02072026C0E
2045690
F0001083V01
J1157919 A
909479 20
815799
2056633
1206637
2088340 1
2033998 2
2058897
1285032
GF8803A1
1286048
J88356PUR10
883564 02
2026091
774575 08
P899340 3
P965930 01
685230 31
P676143 03
899375 20
2057059
41570 RDK
827448 3
853360 8
2047630
F0001213V01
2029830
991981 7
P79343T
909323 4
93043 MX
2015498
2016444
800202 04
1067924 PT2
956577 R01
993257
2004662 1
1258664
1258757
GF4865
2008119 7
2032547 2
2047637
2033163 3
2046010 4
F0001337V01
2023053
42054 RDK4
1161370 B
1237025 MX
20630130 B
GF1082449
854890
2040142
GF4138 2
2048251 1
1206642
1041830 FS1
2088379 2
2047479 8
2008961
F MOD 011
2024016
92968 MX
990134
2001296
F0004312V01
2085089
1227643 K
2024812
993708
80097 MX
854823 1
F0004311V01
2088437
GF885114
2016756 1
GF4496A
F0001920V01
131120250VS
2033237 3
92952 MX
853361 9
1102453
967441 1
2047699 2
93654 MX10
1261022 E
GF6271
761827 07
2051523
02072026Z54
1295071
2010160
2024323 2
93796 MX
2048200 2
91910 MX6
93044 MX
P965016 05
2009603
36913 RDK4
2040344 2
2017246 2
851972 B
964933 01
P677415 A1
1231469 A
2060667 3
1285418
1258598
2032703
2017647 1
2085085
2040990 2
965443 08
40958 RDK2
2010473
559862 05
P973019 2
03102025P9A
975443 22
2010157 2
2032545 3
P2063675
F0001281V01
833337
F999903
42207 SS3
F0000440V01
2040724 1
2016273
B2085060
P639755
2040168
993275
2017186 1
P967489 5
2009009
2032530 2
88272 MX 2
994420
899516 06
2023A320V01
2048339 2
2015135
2076506
1262071
2018066
2017608 4
1269278 A
1218202MZ22
801168 03
2063053
1243900 C
965448
05022026V4A
965883
689245 04
1265317 C
986241 1
1243631 L
2088620 1
1244059
F0003111V01
GF3913 1
2045456
939104
900287 9
2043306
936612 104
P968242 60
J1166255
945458 2
J885950 2
2090634
702476 82
25032026TI1
GF4509A
863677 16
2010088 1
1286052 C
966145 01
2045205
39421 RDK1
F0002232V01
885968
2040165
F0005985V01
1285085 A
2011020
965450
J882461 02
956233 R03
92077 MX
833528
2033226 3
92972 MX
J1015333 D
2015120 1
689074 32
P964375 1E
1101887EP5
1285462
825442 1
1261776
2009151 1
1222199
966065 05B
GF3550A
1285734 A
J883027 01
2045414 4
1159638 C
J885902 7
T6301025
1238979
2004823 1
885967 4
2010468 2
936612 58
1218015RK17
487419 A
2010262 5
2017407
685787 9
2017899
2040938
904240
F0002469V01
TESTTTTTT
2058828
P965689 09
2025001 5
1223445 A
92158 MX
2023254
1243901 A
936612 68
1273642
P2033292 2
1239874
1262081
2023136
93949 MX7
F0001736V01
1262042
2017404
2017809 3
P967590 18E
965025 02
2058954
41552 RDK
965971
993791 1
1206921
GF885173
1268913
10062026E92
2024871 1
1197699
2040766 1
93890 MX2
781863 26
P899375 10
853752 2
J882223 02
123456 MB6
2033160 1
92884 MX
GF4474A
2043350
2085004
993679
2040697 1
2008578
2040588
1237026 MX
1181872 MZ3
2045557 3
P2017092C45
F0004280V01
882474 03
86394 MX
J1212344
833645 2
2043263
1260448 A
2023139
689202 09
833488
2040652
F0001635V01
1248604 E
855292 C367
GF7509
2040871
1222396
P2049220 R
2021622 79
J724636 02
2048355 1
40865 RDK2
990156
2040649 1
881134 14
990762 6
1269137 D
994453 1
936612 101
P827528 29
2040355
1263794
2006775 3
787978 4
P965280 02
P936189 B12
855292 35R2
P810239 1
41666 RDK
826374
B2047493 30
F0003502V01
2029740
685783 28
F0001020V01
2088468 3
GF885158
2007494 3
1261469
2034026
2071785 2
1257516 Y1
956248 R02
92716 MX
1222269
2010454 1
2042019 05
1218166MX2
2056770 1
833828 2A
2034367
GF8957A1
685385 63
2050657
92882 MX
P677578 83
1291054L6
J882460 03
965488
936612 36
994385 2
993249
1248818 B
2040375
855302 C238
1197579
P540888 A
1224938 LCN
GF724440
1213610 SS6
1211699
941519 2
2057036
2040504
J1181293 NP
2034334 1
966015
2033838 1
P965690 09
880311 18
1282204 A1
683977 2
1268989
GF903539
948809 1
P2076520
GF1058120
1197576
927693 4
1213634CD2
2043040 6
11082026B2K
948813 1
P620633 A
2007252 5
41607 RDK
2014570
2040732
2045979 1
GF993176
1258733
1291003H10
2040074
2034359
2010448 1
GF8695A
P985020 04
965331 03
GF8429 A2
2051645 7
GF4922 4
810309 4
829712
2078664 4
1262159
993742
2040734
1251647HZ
2056537
1258810
2051569
664980 8
2088387 2
2007182
863689 106
2045588 2
974783
P559774 BS
GF7321A2
F0001688V01
2078573
1206797
1172486 E
2008765 3
1293524
2040961
993411
2056776
F0000949V01
2008724 2
1222148
2040830 1
975114 3
20630345 1
40043 RDK8
P53727 D
975117 8
81636RK23
1000398 A
P1161142 A
2010479
GF4136
939602
2045283 3
1244022
1218344RK51
F0001895V01
936613 05
831627 1
F0000412V01
1504202664L
689095 11
845912 7
825460 1
GF4489A
883531 02
993292 1
869572 24
854820 1
2023270
21082026N8S
2029562 2
26012026AY5
41029 RDK3
2064002 17
990227 5
993826 1
F0003870V01
F1000013V01
2029741 1
906067 43
681322 9
2015596
F0001930V01
2050545 8
111220257P6
1263828
2017733 4
GF5697 C1
995255 1
994608 1
862876 1
853476 4
2008906
2017010 1
2042110 07
2009515
2029405 1
2008908
2063152 3
1262105
885394 4
F0006172V01
P39252 RDK
F0029962V01
1218241MX9
2506202696Z
GF1059908
1260419 I
P886206
875240 51
J1099931 C
2042054 24
2056856
870040 26
2024772
2010403
F0004401V01
810217 1
948942 2
2024283 1
2017134 1
826728 01
2042216 05
F0000693V01
2045214
F0001572V01
F0000537V01
2063155 3
GF6344A1
2045891
2045720
683707 4
1285104 K
2015058
2010002
726241 29
761538 5
GF7906A1
2017551 2
F0001730V01
2048655
853405 9
2040788 1
2051699
971297 01
939113
2051571
P2007038
965300 1
909289 07
993281 1
1197591
GF8645A1
2016268
2009755 1
2014614
P973980 3
1101893 FS2
2007486 3
966032 02
P611931 51
P966141 03
291020257E1
B1270515
2045948
2063073
2036832
953683
J882244 03
2014930
171020252Y4
93820 MX8
1040515 NT5
BB861459 1
1205313
1206202677A
1127457
P2007908
833120
767212 5
854548 1
974749 B
952570
989504
P968122 54
2025077
2035751 2
J885896 4
947294 09
1101124 A
2045626
902685 1
1287029 01
2041049 1
2057144
993295 1
2069501 13
40087 RDK4
975343
41564 RDK
886220 1
J1157782 B
993474
2049896
833092 3
825443 1
2078582
P2071542 O4
801021 01
899604 20
2010227 4
854568 1
GF2741A1
815873
1199792 A
P966041 10
J1119193 E
974908
2015189
1118789 E
92751 MX
1295014 B
86738 MX
41630 RDK
1218415RK7
2037249 1
F0001890V01
2041072 4
609579 109
93657 MX13
2024317 3
J434482 G
2002497 1
85211 MX
2063727
2035805
P964972 04
92808 MX
2043334
20220009V01
833963 1
833259
2004701
2035636 1
87787 MX1
93361 MX2
2010339
GF1137B2
990728 5
2033546 1
2047661
2043358
J727600 08
2024828
F0001336V01
1262067
38563 RDK8
786745 10A
974083 3
995261 1
2071526 32D
PP75331 35C
826906 7
P560521
810223
609979 17
P965677 13
2039081 23
2017918
855254 29R2
825444 1
2024818
13112025TL2
P609978 A07
120620262ME
1262139
2040244
484692
1161142 J
2078693 01
2040158
2010121 6
41646 RDK
1206643
1263706
F0001340V01
965882 3
1181041 NP
669409 BO1
2040024 B1
1261784
P968299 02
947419 03
1240812 C
965921 07
2025803
F0001082V01
2002495 1
990128
1210479
2024044
1222127
1258802
945750 7
GF727780 A
938285 1
J1181338 C
J904235 02
93947 MX7
2026156 1
1261582HZD
J1082453 J
827516 46
484678
965677 13
994016
F0000479V01
1275620 C
J1247501 B
J882853 02
885878
975170
2047319
GF8566
2056857
855302 29R1
2017851 8
2067501 5
695662 33
P678995 47
2048186 2
994171 6
854849 2
2057089
829681
J1181095 B
2034225
2059046
41642 RDK
P2014932
2047082 3
992199 2
967584 44
2017271 3
2004859
P682466
2009498 1
P936189 W35
853473 4
1206793
92773 MX
862931 2
2010487 1
F0003524V01
2016303
2025198 1
990729 5
1231229
994727
2040189
41627 RDK
725987
1263738
684032
GF727751 A
941030 6
966141 03
862893 1
J 736610 4
P559770
851973 B
2040024 B2
1231265
2056614
19022026C35
88007 MX1
2088415 1
2016336 1
P79087M
2058982 1
2045341
875461 03
2045658
GF8667
93800 MX19
2033916 1
91772 MX
714302 03
J882973 03
GF5600 1
993291 1
902439 7
1218073RK1
997022 1
P968086 83
2033690 1
862444 3
F0001084V01
975381
2011210 2
GF8895A2
2063452
992888 1
2048196 2
956438
2015448
2029962
P2047113 8
2024371
GF5427A
965884
2002699
949505 8
936612 109
GF4194 8
2063357
768849 6
050220262L3
41614 RDK
P774503 16
F0001629V01
1227656 B
948823 1
2090542 1
853755 3
863736 08
F0005481V01
1164900
1154161 LA
GF4475C
2045757
1197812A
2026100
949562 1
2058596
792651
800139 07
2078610 4
993800 1
885863 16
92009 MX
P992011 8
2078625 3
1222291
1231497
2024862
2045438 1
GF1067763
2017119 1
GF5216
2057060
875312 05
774510 23D
P852772
1197790A
2009095
800272 01
2015413 1
2023077
1207295
685842 5
GF1110540 A
41548 RDK
1229402 B
2004699
92168 MX
1211692
2004809
1164243
P711022 98D
685713 29
1258832
2060666 3
919140
2045553
2013912 1
2010663 04
1129543PT5
984557 04
965389 13
GF6198 2
927707 3
2015803
1262055
993652
800514 01
11111113
1263753
1262119
2045611 1
93137 MX3
1115446 U
2017915
846164
1291104H15
93021 MX
936612 47
GF7192 1A
2008865 1
2057298
854572 1
787761 A
1185076
787852 2
2063455
909480 9
J883027 02
06052026RR3
2035643 4
2029564 1
08092025P5H
965688 16
1197571
P677331
863709 20
609949 01
2048425 1
2023121 1
92197 MX
P993996 14
1233079 Y
2008892
810311 4
2039003 08
826906 10
1263783
1222395
2045415 5
GF6059 1
854565 1
2014779
1295005 B
804852 2
26052026D5I
2048201 1
1244392
F0000403V01
1213521CD6
2043308 1
994173 3
J904511 01
40683 RDK1
P54208T
852152 5
2025172
240620267NY
993804 4
180920254W6
994014
2043309 1
F0001109V01
F0001321V01
965346 02
2024129
2008986 1
2035806
853758 8
956090 R03
92957 MX
992200 2
2045024 2
P2049222 B
2040136
P99118 5
F00011
826387
2010484 1
825713 2
815897
691929 33
GF8631A1
1295283
1082584MX27
92888 MX
903952
2042177 01
1233059
1222397
2078690 01
2040767
2009785
20630214 1
863528 06
2015062
964227 21B
846027 2
85648 MX
994424 1
966078 06
GF1137A2
1275541 B
F0001255V01
964792 07
907466 7
825459 1
682749 8
854919 4
2010760
2048128 1
P564713
560159 02
845658 1
800512 41
2045479 5
2024570 1
02032026GY5
1082619MX5
2033166 2
990475
F0001245V01
992950 1
1245505
GF8622B1
J1082284 I
942409 3
P698301 87
1260590 PS2
882194 03
GF4058
1291011H5
131120259JA
94198 MX
1400507MX7
2025320 6
945755 1
1238533 A
J724267 01
03102025OC0
855302 C236
965650 04
2040876 1
2056700
P71871
GF725762
842911 2
GF5743
20630374 10
2010320
997797 1
2071726 3
855318 69R1
1110702 J
2043319
2009699 1
2063310
1234041
936612 04
956090 R04
967259 14
GF1059751
833277 B
2088670
2029772
965104
GF8820A1
P973483 2
1243834
GF5418D
1290082
994345 1
1234 OTC
2014583
695694 50
2050223
0110202547B
92855 MX
2040515 1
93726 MX1
858262 6
947799 07
2004955
944121
F0004365V01
854941 1
851974 B
J31109RDK27
997739 1
2042083 02
2043344
88259 PUR 9
93324 MX4
1244042
F0006057V01
986883 19
2023A323V01
2008954 2
1185531 19A
993776
1263751
2020642 1
1113610
1248761 E
GF727771 A
2047671 1
940816 8
2016353
2063647
GF885112
1041771 FS1
973034 1
1290129
2017944 11
2063108 10
2088400
2026570 20B
1229082
903042 02A
2040015
992197 2
93062 MX
J883776
1211685
2008671
2017951 11
2033549 1
F0000579V01
P810105 5SU
591969 13
GF8687
J882632 01
2047852 01
20630110
994190 3
1268992
F0003692V01
1262137
993660
F0001102V01
J1118897 U1
2006729 3
2017116 1
40785 RDK3
1266129 10
P1118979 C
GF8881A1
2009087
942733 13C
39279 RDK3
2009239
2034394 1
994384 5
1261876
2051690 8
ESAFETY 09C
20260521Z1
P2049220 B
1222345
F00001 OD
2040752
41023 RDK2
PST108483
J885805 29
811810
2058920
F0004313V01
2016042 1
2024773 1
2009871
P80046 98A
2009820 8
F0003126V01
2002381
GF4150 2
966074 11
801067 29
08092025J1R
J1059809 C
854356 2
F0001034V01
J539414 03
02032026K65
P853383 4
1213629CD4
992958 1
1261201 R
2088717 2
GF1166054
1101715PT4
F0001631V01
2045541 2
1238561 C
1263744
2045089
2002452 1
2040205
965651 09
967233 11
1041634PT17
GF1906 2
2009262
1150642 G
14082026J2H
761808 60
J1140460 D
F0001033V01
2043345
2010744
993723 2
1263803
993472
2023920
GF5653
2034140
2004852 01
855369 108D
93731 MX9
2007858 2
2045158 1
81203 MX12
22082025W4E
2009698 1
1161763 E1
P80046 25C
GF6152 1
816109 02
1285400
2048527 5
997782
2009881
150420266BY
P675300 83C
GF1149509
1202840 L
20630365 2
41711 RDK
2033031 1
2036796
973706
863428 31
2088316
965656 09
2017110
887231 1
1248525
GF7947
685449 57
F0004308V01
2002320 1
994007
2063334
P899087 W02
P968122 55
1222184
1213550CD5
787733 78
GF885180 1
965593 08
2032729 1
41680 RDK
994350 1
1041801 PS1
F0005554V02
2047214 1
GF5989 1
2057045 1
2047102 06
1295315
974821
2008903
2063425
2063003 1
1285099 K
2058938
777740
994260
885800 44
2024754
975343 1
2063424
833583 A
993731 1
GF885122
1245748
2025728 1
936612 80
2069505 8
854959 1
1247281 A
35888 RDK
2002388
1261697
J725581 05
2016143
P900721 F1
1243507 B
93781 MX2
J1247518
GF2867
2033167 3
992967 1
2010113
810259
2045761
965695 08
1251832 B
954149
2045660
12112025AB1
2008707 1
41625 RDK
854654 1
2063596
2004620
92740 MX
F0001715V01
1193700 B
975686 3
1041763PT6
2088540 1
2016145
2072552 8
2047976
689010 03
949567 1
2009091 1
2051568
2004817
1205220
F0006307V01
2023087
762567 19
2025184 1
2015673 2
844426 1
744888 01
F0004204V01
975427
2076525
833927 4
965036 01
1290024 B
P762575 19
2008907
12345 66
2008749 3
761180 16
2010460 2
2063140 10
F0005993V01
1077998
826362
1285066 D
2088348
P965652 06
833821 2
F MOD 022
2045652
2021657 31
P886467
40754 RDK2
1258450 N
2085014
1240866
1261312 J
F0001563V01
826654 01
2016594 6
1285143 H
92592 MX4
852175 2
936612 17
2040539
846396
2007112 11
815895
801056 07
2040201
2040019 B
2045953
816110 02
938480
1211701
J1140025 D
2026394 3
2063328
2025531
965599 06
F0001510V01
P2025185 17
GF4004
2049607
851956 B
93770 MX2
2017113 1
2018099
1290076
1231498
2026061 4
2040592
875197 01
2008921 1
93956 MX1
2009867 1
1191059 J
GF6445 2A
2048362 1
2040123 1
1295286
966090 1
GF1110750 A
J882496 01
785885
2072509
P2016940 B
GF6073 4
2048211
12112025A6L
2016138
684883 1
F0000209V01
GF6331A1
2040250
F0001018V01
F0001716V01
815798
2046013 21
2014010
2017605 16
2078640
2040536
852429
11082026C34
2015037
1190349 A
2033202 4
94059 MX2
2030040
06052026Q51
685662 31
947709 02
909222 33
827527 75
994581
2016338
2036792
2050285 1
833202
1231238
J725484 6
P964965 02
991982 8
2063742 1
966034 03
2016465
GF8602
2040525
945625 2
2045776
2025572 1
2043047 6
F0001377V01
2088669
2023A319V01
2049214 1
2016056
2023674
685590 84
1041717 FS6
1224970
2025088 2
990152
2056579
P774503 34
92078 MX
F0001538V01
2061103
J947226 01
993658
940682 3
2047934
GF09013B1
J1140462 D
2017574 1
966122
2009903
93692 MX37
2064003 54
2017562 8
82026 MX 9
40114 RDK3
1185868 28
908042 1
2006914
J1181416 A
F0005487V01
853641 1
725098 2
2040214
41124 RDK3
2063333
592015 10
994493
1045671
GF1841A1
1258647
2040249
1178917
1231478 A
F0001799V01
1222054
2056721
2034018 1
826906 12
40948 RDK2
2040096
1285231 U
92909 MX
964971 04
947766 05
927716 3
1237337 A14
2016074
1185755
GF885100
993024
899697 06
965920 08
994145 4
2040586
967633 03
2061424
GF5045 4
1252713 HCN
954088
2004832
RG MICRO 1
2016213
1193750
927699 5
684663
2050504 6
2009621
GF8897A1
826907 1
802454 4
GF8784A1
92701 MX
854555 1
1184739 E
2049058
94054 MX5
2040831
809580 25
2085053
973191
2024726
1206901 A
41427 RDK8
2045637
2042191 02
F0004158V01
41028 RDK9
F0000450V01
P965676 07
854891 1
952738 1
1258788
689093 20
994486
1199698 D
2035764
2045768
994459 1
P964590 13
2030578 12
1102342
851959 B
93939 MX5
1252719 ECN
2058918
592062 18
P565806
994242
P79349T
833142
965112 03
2019555 1
2047496 1
2088459
2056818
854973
PP75331 64A
966205
93435 MX4
760316 3
J959114 02
P678396 47
2078637
2023A341V01
1244007
2016231
1240932
1243748 Y
1206339
GF5983 3
J1157887 B
87997 MX1
1258803
1263582
811891
964908 02
P965601 05
F0004405V01
2017245 2
886388 1
2009925 2
1262090
2040114
1275564 H
P0000733V01
2008870
965769 29
2032555 2
GF4413A
2045962
826681
885027
1231496
2004819 4
2047700 2
GF2740C1
GF1157803
810324 11
725968
965702 1
1285303 E
2047086 4
2035811
2019639
974484 1
2017624 15
894574 1
1262088
940556 4
939131
993498
38688 RDK
992006 1
1260600 PT1
GF7262 1A
855292 C236
833236 B
904607 02
1263687
31072026Y9N
2033470 1
854814 1
F0003533V01
719763
1262142
965033 02
41375 RDK
885813
MOD 0012
1261027 D
P811995 SA3
GF3937 4
P853751EB
971197 09
2042080 02
GF8649A1
966239 04
GF6187A4
854492 3
993856 1
975111 4
GF3994
948800 1
1212311
GF1140373
2008736 1
2032912 3
882980 01
936715 2
2006846
GF3985 3
2034003 1
F0003122V01
2026095
2015900
2090529
P698301 85
J904234 01
974934
2045624
1263836
1262134
782743 40
F0001902V01
440809 F
965963
2004866 01
2045748
977101 1
1212396
1160183 A
2063736
GF727763 A
899621 18
2040692
936612 72
20630127 B
2041091 1
2029768
1274994H11
876476 18
1285002 R
P774594 02
936612 25
1222141
2088492
2017809 5
2025746 1
2024530 3
2048643
P80046 07B
880257 5
F0004834V01
2048337 1
P559775 BS
839819 2
1231258
965613 03
2010337
846204 4
130420269GT
F0002694V01
993245
1238556 G
P678396 86
1231255
F0004203V01
93749 MX10
1101927 FS
853404 9
2011130 03
940646 18
2026055
GF4472A
1252238 G
1227633 G
2007489 4
GF4524A1
2016392
F0001865V01
2017234 2
GF8591A1
2017089 5
609986 25
1239933 D
2007840 2
1230212
93887 MX1
2090633
2015657
2047785
GF2528 B1
GF5649 4
41198 RDK2
1263832
2030660
J1247691
2057126
GF1110802
F0003875V01
2069507 25
1129769MX4
833582 A
P612578 09
F HPA 002
899421 06
1222029
993580
F0001880V01
2040765
2045982 1
965698 18
1248716 G
2045541
2024314 4
93856 MX12
2048311
F0001391V01
2061741 1
P669850
2040685 1
GF3923 4
994595
992903
93047 MX
P967489 10
2078751 2
1265198 D
92224 MX
2040795 1
2008723 2
08092025E6Y
2047709 2
92772 MX
F0001793V01
2015664 2
1244060
88442 MX2
F0030170V01
F0000526V01
882488 04
2026105
903497 02
846225 1
14082026KI4
11082026C8D
220925W2MQ9
1269390 E
92010 MX
GF4496B
2015593
93037 MX
2045138
965698 19
2026059
1243854 C
2004615
GF6004A3
2056630
994499
2029693
F0029995V01
2009874 1
940822 11
2010761
974447 B
1268987
993089
2040183
833650 1
P919032 E
2034014 1
2033480 1
37633 RDK
965881
683286 7
829692
965543 01
2045596
863698 39
2033165 2
F0000394V01
1231436
815774 03
1067800PS10
P946117 V
1268974
845851 1
1245626
2048000
965006 08
43215 SS2
2015753
761802 51
2063074
854560 1
P559776 SD
1266022 14
F OI 001
GF8643A1
GF3555A
2024678
939074 1
992891 1
2032708
0310202573S
1206868
1068882
885592 3
965815 06
42187 SS1
42952 SA6
2023037
1077990 C
970186 03
2045786
867026 04
2015903
782500 13
2045608
990536
GF4000 2
GF6805
P678995 86
2048191 1
1224849 B
2056703
972176
1295320
93768 MX16
1210480
P701041M A1
93954 MX2
1212469
1239565 F7
2058979 1
87754 MX3
20220020V01
GF1157738
GF4466B
938604
GF4438A
2023A313V02
679716 2
GF1166144
F0001254V01
1207229
2009190
1231285
954191 3
P678394 86
41661 RDK
P2071542 W4
2047636
815923
41551 RDK
744880 01
2048090 1
1106020
2071549 1
2017569 4
J1157578 B
2056773
20630226 2
F0003532V01
855061 11
1202844 C
991496 4
93874 MX6
2085060
851963 B
1067620FS17
1031472 F9
J885903 3
20630113
41532 RDK0
2008676
2040901
2040527
2045633
1227649 E
P965716 03
1193707 C
GF5028
1291107L2
GF1134A1
947019 19
2024919
2045773 1
2009808 6
1263734
GF727785 A
1258772
P559775 SD
953139
862113
2017560 3
714331 03
F0000956V01
GF8696A1
F0004826V01
992889
853753 4
1202599 G
2017741 11
2007804 1
2078542 1
GF885115
811809
855311 C235
85008 MX1
899508 05
2011205 10
994009
1266052 02
1263800
P679330
F0001273V01
854043 3
801168 02
965463
F0005517V01
2085062
2025966 5
2045726
2024669
1233083 B
972265 9
1223780 FCN
800265 01
F0003201V01
994072
863349 11
1153105
1243838
2033498 1
2009189
2006844
851958 B
2063713
1183809 F
93938 MX3
846253 12
GF7373A2
1031402 LR3
92956 MX
2010493 1
1153003
2010206 1
1295324
P965820 09
21102025F1X
2049597
1172444 A2
2010471 2
P827569 C1
2009148 2
846329
672333 1
2033483 2
J1247519 B
1262125
2032557 2
792042 1
F0029325V01
F0002178V01
RG MICRO 7
1FG
2025075 1
P80473TTK
2040781
38990 RDK
1231232
2008708 2
1261458 A
854353 2
2016424
936612 03
2021059 2
2047389 2
P861281N
592074 13
F0001795V01
41154 RDK2
2042084 02
645400
2014934
2007178
1205812
1205879
825918
1263756
F0004274V01
941520 1
768934
F0000695V01
2085079
2088451
1260511EP4
972181 9
560040 08
911080
2040605 S4B
P966070 08
1244036
2017987 11
J1157658 A
1269315 E
995381
F0000297V03
2025001 2
P2078663 BB
P852663
2010256 5
761570 39
2034056 2
989249
92953 MX
903510
93833 MX3
1243651 G
P877861 12
93760 MX10
2029553 1
768855
40682 RDK
994320
F0001105V01
1237023 MX
GF727790 B
1080266
1268928
1236647 A
1177379
2085081
727735 04
1263735
T4131025
2043148 1
1257521 Y
P829707B
2039126 02
2058831
1260530 FS4
682752 7
1203917 H
1082698RK3
GF8556
854917 3
31072026VP8
2048638
P908373 C
2001298
GF1100838
2004855 02
2009822 1
2048725
2090561 1
1206862
2057046 1
2040786
927697 9
2040994 1
1269001 B
993835 1
975045
27032026W92
F0029815V01
1060660E
989642
82026 MX 6
2043339
994401
2048794 5
2071748 34
904611 02A
2019641
1273647 C
972300 16
2034355
01102025RZ5
2013823
F1000010V01
2090640 1
929586 135
93873 MX10
833649 1
2033892 1
855415 28
2011129 02
1178931 A
1211702
965726 1
855318 C235
92857 MX
P827560 08
1206652
1181220 NP
1261780
1258659
2056820
2010361 2
GF5697A1
GF3978
2002451 1
F0000570V01
833954 1
993737
1285357 D
952432
862887 1
949874 1
270526DS21U
14102025P4H
854850 2
31072026L2Y
844305 3
88289 MX 1
F0001385V01
2009108
1244035
2050762 5
2017655 1
GF4386A4
2017912
2024103 1
2030616
995245 1
800102 04
689190 40
899547 03
113924 19
854968 1
2015904
834137 01
994416
2045821
2032521 2
113716 23
2085035 1
41039 RDK5
974911
2047659
965739 01
GF8692A1
2063342
993589
2016409
940834 2
854894 1
F0004814V01
683939 94
GF6079 1
875372 01
P2047663 1
2011223
992169 5
GF6446
2085108
92739 MX
J1181129DNP
2045096 1
2015054 1
202512257D
1290079
2033717 6
92930 MX
994435 1
PLC9101
GF2620B1
93886 MX5
2033157 3
1244681
2024713
GF1843A1
92082 MX
992631
18062026Q1K
2045206
833947 2
J440774 K
2040039 A
GF7722A
846339
993713
726229 50
833950 1A
93896 MX
2072510
592025 09
936612 71
1251769
J883048 03
2033930 1
41537 RDK4
1285314 C
2048709
2040974
2023051
GF4523A1
2004757
2033918 1
2017872 10
1060661 A
2010336
682850 4
2025391 3
1285493 A
1263754
2015411
2040139
2040204
40081 RDK9
GF5697 5
853758 6
682745 8
2024633 1
92926 MX
776855 2
2041074 1
994166
1266053 05
985741 2
965818 09
800246 01
1261915 A
2023188
1244006
1206707
GF885182
967372 53
P965019 10
T129052026
991862 3
2040606
2045180
F0002466V01
862889 2
GF8668
1193286
91977 MX6
F0001554V01
GF4865 2
2048325 2
2045420 3
2034287 2
GF7266 1A
2045676
829698
2063349
2017436 3
PY0361936
1101918 FS2
P936790 01
994264
1231246
2021026
2045094
2009989
2017744 11
2095580
1215567
2056852 1
994226
GF6092 1
P675721 03B
2018046 15
844550 2
2009963
41335 RDK1
GF8823A1
2063087
1266046 03
966113
1252698 DCN
F0004539V01
2090524 1
988647 1
2009959
990138
1222349
833965 2
1082675MX6
2039034 40
GF7261 A1
2056833
GF4717 3
F0030256V01
2010363 2
1263808
14102025EB8
965538 01
2040520 A
F0001898V01
2024293 1
1123421 F
1197582
J1140089 D
P968222 08B
685647 22
2040885 3
92878 MX
2024238 2
2011319
F0030366V01
1295278
689007 10
2018017
2042076 02
2008693 4
2057300
876532 08
875363 23
2030541 B
2024670
854652
GF8469
P79209T
94144 MX4
854655 1
609756 21
800510 04
2048300 1
F0001233V01
F0001612V01
974003 9
948921 2
2040202
936612 76
F0003794V01
939228
833810 2
1185071
852529 3
1295262
1211694
854395 2
P79085TF 1
1248868 E
2015725
2025186 1
2045987 2
92096 MX
2058571 2
844729 2
GF883039
2056824
P853412 2
936612 61
P2071540 O4
2009927
1262144
P965381 07
1263831
855318 29R1
1230000 H
2090523 1
06012026QE0
826916 7
846211 4
P861281J
1206713
2063161 10
726213 55
1238783HZ4
P829749 A
P678396 83
2025319 6
2088440
87918 MX1
1193573
1237062 D
41533 RDK2
993585
965383 08
853759 1
F0004141V01
2601202684X
GF3852
J1247508 R
2014731 1
826823
2034353
909170 15
1106009
2033648 2
93940 MX7
846330
954146
927162 3
994268
87981 MX2
833580 A
GF1082318
P667694 MX
2014683
P654386
2076523
F0004152V01
GF3916A2
1267937 G
2057058
843733
701887 01
1193353
965235
P968178 05
2040725
40746 RDK4
1292103 H
P559771 S
2025005 7
2009453
2045659
92890 MX
2049052
965540 01
2009112
800274 01
1247293
1244027
J1119496 I
GF1031423
1244058
2057025
1211703
927624 9
946061 1
781722 17
2045781
1263709
1234125 E
2040178
738209 20
2004727
1283044 K
GF885193
1101336 CII
GF3936A3
2009092
993766
20630222 1
2040782 2
1213635 SS4
1169579 J
F0000448V01
2023123
2045088
38561 RDK12
2040903
GF885159
2063350
855302 69R1
F0001609V01
2015645
40728 RDK7
1238580 C
2088807
2015376
13102025G14
952739
2024680
2006911
965967
1285355
2024296 1
956493
P2039088 03
991982 6
1207465
F0001555V01
2016215
92949 MX
2034172
1223781 KCN
2090522 1
2017926 50
826676 02
F0000384V01
940518
2017329
2047853 01
853704 6
GF4265
J882943 08
1251727 A
GF8919A1
08092025C3L
GF4509C
966073 09
994118
2008925 1
J1181124 E
000TEST
725291 5
1295290
592065 40
689080 32
685750 2
917201
1129608RK2
PP854957 3
41064 RDK
1248606 B
2040729 2
08122025OW9
994091
858344 4
30276 RDK20
92099 MX
993299 1
909154 4
1101681PS27
904615 02
994299
2090639 1
P965932 04
1067849 FS3
1231469
2056786
966004 1
643806 1
GF727755 E
2047815 02
974389 6
1199709 B
93951 MX3
956233 R01
993290 1
F0000447V01
853477 3
858433 13
827528 36
GF6145 1
774595 04
815779
2035634 1
774606 64
P678995 25
2016275
854087 5
800237 04
949827 2
92858 MX
726110 200
92730 MX
714301 03
2048639
2051510 5
2015084
986236 1
2033547 1
852040 5
1294526 E
2050553 03
93725 MX1
P973978 5
720968 1
993806 1
993855 1
684914 2
592064 08
2057090
1400504MX2
2045828 1
GF8068A1
1231472
93875 MX8
2035677
2049748 4
92728 MX
833644 2
P952039 2
852129 4
560568 05
93302 MX3
2010958
2085113
92768 MX
2024367 1
885836 5
1026323 E
GF4171A1
2035592
1240866 A
2014780
993616
863431 05
685868 55
2056629
41595 RDK
2009628 1
GF8691
2016232
826678
2009147 2
92892 MX
1227709 E
1268940
2047693 1
2040117
2058964
846310 1
826663
2045625
2010001 1
810222
777679
GF8887A3
833373 LK
2025522
93306 MX2
BB2025728 1
1269142 A
J401001 J
GF727765 A
P886067 2
1227792 A
85231 MX3
2033575 1
2015973
2048206 1
2009849
F0006323V01
949450 6
2014592 1
2063569 4
1245784
2016141
2015898
2015051
946054 1
2023A336V01
994336 2
863448 39
40293 RDK
2045682
F0004538V01
P877750 06
2056831
2034085 2
2016739 1
1244028
1082725MX19
1206706
2001182
P75047TTK
688583 110
94201 MX
87984 MX7
41558 RDK
060120265P1
1282205 C1
2017997 50
P965006 08
2040341 1
F0000471V01
1129929MX18
2063001 1
994497
171220259M7
2033832 2
609372 10
829702
994352 1
994431
947807 01
93721 MX8
93965 MX4
693264 1
948946 2
956574 R01
1101473
GF8749A1
854562 1
2026028 3
2058843 1
J1059923 A
GF4006 3
2040060 1
1206937 E
210820269ZN
P559773 S
940539 15
2009962
846026 2
GF8678A1
2024325 1
684948
1263558
P967501 07
768222 16
1031372 L13
F0005554V03
819637 33
F0001305V01
936344 5
41586 RDK
92885 MX
2010028
965800 03
2058946
GF5991 4
2033483 3
1233078 R
2008893
2090629
2040605 S1
986240 1
1231221
994440 1
36439 RDK1
F0001918V01
41713 RDK3
862256 10
896098 1
2040605 S3
1242097
2085051
2016412
GF8824A1
995737
GF8740A1
92905 MX
F0000698V01
P2018103 48
GF4863
2072501
P682463
2016214
1261818 HZ
P669850 EG4
GF8619B1
2017903
1285134 M
2058719
PPT79738 47
131120259KP
GF3988A3
2023249
782834 12
2049229 1
2015240 2
991657 5
801141 01
2033392 2
2010117 1
20220017V01
F0029381V01
993699
2024688
2016077
997740 1
826537 02
862454 2
948920 2
2034007 1
2040070 2
815983
2040030
20630369 10
1239855 A
1127440
11111177
RG MICRO 13
826906 17
1258773
EXFAB01MM01
940680 18
956419 R02
2024361
2048214
GF725960
993503
2035612 1
863398 86
1285417 W
P695801 10
833638 1
GF8619A1
940682 18
2063584 4
975380
1239527 J
845449 1
GF1062B1
2017856 1
1258849
P2017529 A3
2009150 2
1127469
1154064 N
GF885175
1268947
854495 3
P2013938
854553 1
2002379 1
1067647FS13
P540706
1262065
954141
GF3993
965421
F0001237V01
2047684 2
2058707
2048190 2
MINDSFLA1
1278545 01
993838
1290072
2016272
939241
1151724 B
2057195
GF6367
1234124 D
2057021
GF1059961
J1181483
1285100 Y
936256 02
833819 2
1206928
GF8568 2
800236 03
F0004844V01
P886203 3
2085032
T501062026
2016269
94199 MX
899399 06
2090553
947909 27
GF4010 2
2017807 3
F0001103V01
2040777 4
2024676
2045446 7
2017610 16
1252813 CN
40297 RDK6
936612 10
2078722
995264 1
2023A321V01
2008960
P965753 32
2048193 2
944978 2
2040068
92945 MX
2078648
854978 1
833847 11
2009751 1
2043066 2
949786 1
845820 4
36917 RDK2
P936054 Y07
GF2740B1
2014824
917165 5
2042142 07
P827514 34C
1197819A
2006644 2
2088472 2
1086935
2063335
826357
1239883 A
F0001532V01
2016256
714237 09
2078829 7
GF3755
965982 06
964867 08A
1261052 H
2039077 02
2010255 5
P2076502
283339 11
2049223 2
14082026R7Q
2040604 1
L123460
1285729 A
767265 8
1252691 D
2036793
993103
940368 5
738200 05
965087 6
17122025PD0
2024296 2
92919 MX
854884 1
P2018103 SA
993777
2026170 1
2040021 01
EXFAB01
560670 07
F0001378V01
993669
952344 1
2010458
2034055 2
1291010H13
833309 6
2047960 1
1102357
123456 DK68
592054 39
1220002
GF5923A2
2015147
854359 2
939604
685812 72
939130
886409 2
P711022 54D
833762 1
GF4100A2
J1247502 A
1267711 C
F0003128V01
2063422
2002971 1
956109 R04
1193369
2056722
827569 E05
2048342 1
2010400
862883 1
J987510 01
2040610 2
956089 R03
2008895
827569 C05
1222191
2048191 2
03122025U43
1144687 U
2063083
1262073
2078679 01
1165681 P
974935
1268936
2033642 1
2045687 1
GF09018B1
2026510 1
2016276
815894
1215545
F0002692V01
2008759 2
896218 1
2009984
P678284 83
110820264B1
2010450
J1247619 A
2029404 1
973701
854551 1
2017558 5
1252718 ACN
1212189
684539 1
2009149 2
2026104 3
936614 74
965595 04
P827527 23
GF885104
GF2740A1
1240858 SI
2032930 2
2017990 50
2033177 3
947986 01
994494
940347 6
973740
GF885136
2033982 1
768141 04
965717 01
GF8898A1
F0001172V01
2009873
965978
2032523 2
F0003127V01
92874 MX
782208 56
975169
885949
680305 BO1
05022026C69
GF7521A1
2063492 1
2024844
724396 06
956270 R02
975351
2076527
1229070 A
P2078801 A2
1217052 F
994082
902443 6
2040555 A
2023005 2
992630
33122 CA
GF885103
1193723 A
1269312 V
1401202636V
854570 2
2056505
885922 4
39022 RDK7
854488 3
92886 MX
993853 1
1258784
854181 9
GF885147
GF1059949
0809202590P
1268685
940151 5C
GF3782
973514 1
2004668
2040937
1278506 01
846313
2016040 1
2001288
994483
2034113
1252686 PCN
685789 25
940821 11
689150 33
93385 MX
992993
1275611 B
2007028 5
940919 8
F0005501V01
801055 15
2014619
92705 MX
1045690 F
F0005356V01
774582 63
952758 3
F0000455V01
J1118658 A
883885 07
985740 2
2040419 1
2016105
956146 R03
J1118679 C
2040242
F0003123V01
2056520
2043237 1
2015374
2034006 1
2034129 2
949116 3
827553 1A
2015446
833667 1
2040436
GF8607A1
2040251
927702 9
1237137
2016007
994172 3
1054794 CE
2017270
1123467 C
GF2762 1A
726239 08
1119568 D
833814 1
993322
989800
811879
2002983
87982 MX2
2040535
1251651 HZ3
2016211
846209 5
GF727770
F0001690V01
P689086 22
994327
GF882825 03
GF3931
18092025LU5
1185787
2040257
1290055
2016763
2088571 3
2040203
2024670 1
2024488
994496
1206688
1712202523V
2045691
2041013
1206632
936612 86
2040776 4
GF5420B
1285296 H
995389
994274
2071501 04
93827 MX5
2048208 1
F0004306V01
1258723
468487 28
1257529 Y
2057033
977052 23
GF4477A
2040571 1
854182 9
2011321
080620264VB
P852662
853643 1
2048380
993480
2043046 10C
P966071 13
858370 1
1244012
GF6305A1
2040555
93884 MX3
GF1015333
F0001189V01
949726 4
993788 3
P669497
986233 1
2043346
2040157
GF1181225
20630118
41466 RDK
P899371 2
1244064
846335
1101876PT3
GF885107
1152825
2047389 4
J883020 05
F0006306V01
1121589 H
1237017 MX
P2007045
P964586 03B
F0001344V01
2039013 21
GF6732A2
F0001468V01
RG MICRO 5
GF885156
2009924 2
2040388 1
2035627 1
2009531
2063326
2008747 2
954186
2032711 1
2032709
2004820
P965931 06
684799
1285737 A
1082787PR26
1260560EP1
2040931 1
92922 MX
93801 MX7
1258780
994290
F0005552V01
992890
GF885139
1207285 Y
92721 MX
852427 6
2033844 2
L123456
2033882 4
2008940 1
GF8742A1
2048418 1
2047937
2040921
GF6450 1B
2033550 1
93803 MX
965905 14
1227554 K
853480 4
2017577 8
947427 04
P711022 35D
2017908
GF6096 2
936612 27
2045653
1262096
1206922 A
1258746
GF1003875 A
42487 SS8
967588 89
P557554 2
F0000090V01
40287 RDK2
P854926 1S1
2063367
1231220
768565 1
560338 06
P973482 1
GF6067
20630224 1
2024736
995735
92759 MX
GF4514B
2805202663M
1283045 C
F0000477V01
2060668 2
2017610 17
1257526 Y
2015119
2009858
815869
973976 3
833333 5
829694
815773
927159 3
2009185
1237082
2045980 1
990145
964475 02
40855 RDK1
2041031 C
2016257
GF6025 6
2026105 3
2045044
576928 7
2034258 3
903950 1
1285277 B
854494 3
32934 CA
P676143 35
F000023 MB
2033917 1
2008980 1
PPDM80552 2
947838 08
2033156 3
949724 3
2008915
93818 MX2
2034025
2081000 6
F0000356V03
994495
20260109G9
1165124
P682273 1
GF4514A
2033573 1
1164938
1231472 A
994323
GF4526A
995100 1
2058800
290526F7TD0
1231214
1230030 J
1207203
2017133 5
J904607 02
855292 B236
2014620
2023A338V01
P992559
997743 1
863427 30
2088448
2016032
2048201 2
966183
991881 5
F0001257V01
P2017092C69
954235
2033726 5
F0030255V01
2042081 02
2058822
744902 03
1243913 A85
2025864 7
2058973 1
2045984 1
38589 RDK9
2023A328V01
2048617 18
41587 RDK
851970 B
2059108
2088461
1282009 B1
990163
42517 SS18
2045747
1231227
1268990
1266060 02
2023242
2034191 2
1248756 L
965702 2
GF8407
880365 05
1129749RK19
25032026B9D
2088539 1
1125414
GF8614A2
2056985
1206849
2058942
2008858
87983 MX1
967255 27
965922 04
1295327
90173 MX
F0001574V01
829685
2047999 2
939255
886204 2
2045635 1
956070 R03
P964653 06
T5301025
1262118
P675721 86B
972291
1237324 C5
938442
994528
P829651 C
947895 01
917158 55
993613
993277
965738 11
2042091 01
917016 18
1268939
993816 1
41665 RDK
93379 MX3
904241
855292 38R2
2040519
P968047 55
994577
1222223
F0005996V01
F0001869V01
2009075
936612 66
1227784 A
GF6185A7
38183 RDK
2010063 9
2063080
2047311
1243705 J
P906785 A
2033180 3
1161393 B
2049048
949867 1
839822 2
560453 06
854550 1
990035 1
2026057 3
2013923
1243837
2063231 1
2047314
800273 01
762572 31
2045814
F0000691V01
863604 19
1263793
1237080
2001307
2047722 2
P853413 2
883553 02
P877796 15
2008968
1182285
GF1181125
19022026B24
GF4155 6
896630 1
974465 17
2024023
885867 21
F0001214V01
P2007048
F0003024V01
J1157683 A
815921
800505 01
2009576
11111112
2040591
P2047420 7B
GF4107 2
GF8630B1
2063331
2048249 1
J959116 01
J882831 15
20220016V01
F0000393V01
2033888 3
1285709
854851 2
2024458 1
1285305 C
2023839 2
GF1166296
1211691
2043033 10
689148 35
F0000506V01
877452 11
956145 R03
02072026Z3A
2040954
2016299
2017998 50
685734 9
2063029 3
2061500
F0001541V01
986243 1
F0002695V01
93025 MX
2024718
2017623 16
993985
948807 1
1278513 64
P965681 13
927703 7
F0004362V01
862203 2
2016036
2009951 1
909294 20
768907
855254 C259
994097
904278
2033151 3
992982
2008899
F0000478V01
964255 08C
92935 MX
P79877BM
938335
GF3568A
2011202 1
896183 3
810211
2048410 1
2058950
2078562
1206981
2024308 1
2023980 2
815919
974912
815770
854650 2
2004429
P559775 SD1
GF1199623 C
863741 16
993787 1
PPL52022 35
2088414 1
854358 2
992890 1
2058957
2039097 03
965816 07
909211 79
GF725699
1129802RK19
1229085
965730 1
2058723
965663 1
2056778
GF1099620
GF1157972
F0003683V01
GF6731 1
GF8535A1
1031093 E
2030513 13
J1166246 A
685837 54
1295070 L
846326
F0001259V01
2015618
1222436
J882936 04
2010175 2
952355 1
2015939
11082026Y98
1185051
F1000024V01
1295300
J904605 02
2085082
767925 C
2063075
2048036
685632 40
GF1157576
965977
2033050 2
908200 7
2034033 1
P810078 Y1
2001178
936255 05
TEST ASPECT
GF401001 2
936612 93
2047750
2017281 2
685804 41
851645 01
F0005530V01
2039116 44
801050 06
2045302
964910 10
P559772 S
1031053LR
1067647FS12
1258844
GF8673A1
J883531
2042224 01
456349
862255 10
2016175
1252559 CN
2009890 1
993266
685590 7
1261793
995940 2
2024386 1
1237010 MX
990129
862932 2
2034150
637762 4
F0003813V01
9379053
993492
P669252
1258750
2078696 02
F0003523V01
886238 2
2040681 1
940553 7A
949936
714292 05
1231435
972292
1063450 E
798835 27
2032533 2
80694 MX 7
41619 RDK
1153028
863299 09
20630362 1
1258756
1206898
833563 1
1227783 A
2056926 1
J1157979 H
F0030369V01
1263575
2040070 3
852461 4
F0004361V01
2008310 2
685412 4
J1059870 A
2085019
GF2528 C1
1263185 D
991877 3
2040050 1
2006649 4
2085058
927704 2
1243851 F
782718 3
810227
GF885125
GF1062A1
GF7923
GF885109
1243825
1206143 A
J1140023 C
2078575
2010340
853757 13
1263739
P682273
994586
GF1082338
F0029591V01
1244032
927723 6
966067 06
GF8572A1
2033718 5
2078719
P803942 1
GF8916B1
845447 1
P675300 35C
2076506 1
966121
GF8634B1
965649 57
2063158 3
121120250ZY
2048187 2
93955 MX8
2034005 3
2058929
2088471 2
2035766
F0004825V01
2033164 4
2040505
2058968 1
854599 8
2016045
2071696 65
92343 MX
919148 01
F0003098V01
40872 RDK1
2040420 11
2017897
1285291 E
974350 6
2048354 1
863660 16
GF4167
768954
F0001379V01
1258777
727732 06
1193336
1197538
2034337 1
GF1099464 B
1285380 A
1239559 L
F0004315V01
94175 MX12
P899377 02
2063022
94193 MX5
2009762 1
2004803
1231296
854888 2
949787 3
1269029
F0000629V01
814299 2
852151 5
886435 1
1245757
F0000503V01
956246 R02
994227
2050665 13
2059113
2010909
487158 F
2047845
2015899
2008790 2
2035812
885828 5
GF7963A1
909510 4
37683 RDK
T301062026
2056645 1
2017650 1
F0004815V01
92742 MX
93656 MX5
F0001729V01
1101569EP11
2063430
2056599
2013899 1
2023853
2045179
851968 B
2045135
1244021
689006 20
966148 01
GF6728 2
GF724931
2063347 10
744863 02
P711022 25D
1195505 9
2045632
2078601 1
2033704 2
802950 8
801164 08
774580 TEST
993854 1
2045023 2
2034395 1
2014694
2025633
GF1181193
GF22001 2
2045762
2050730 03
2006999 5
P869585 E22
993350
468487 29
1247214
F0003115V01
1251605
685657 29
954122
592081 04
2023A312V01
2057052 1
2016337
989228
965690 09
14082026NT3
768858 3
851961 B
2063448
87985 MX
800268 01
2040590 B
938474
37686 RDK
38973 RDK11
792650
J737562 1
94060 MX1
1251642HZJ
F0000764V01
2071690 17
2010168
2043298
956238 R03
2045742
2056758
2017851 2
1178095
26082026F5H
2042024 01
GF8822A1
GF7361 1
2039076 06
2016267
2017077
1268999
2050841 2
2039059 23
1227736 E
2023093
P782045 7
F0001796V01
2014577
2045770
2085103 1
964582 02B
2017603 15
1263801
1257520 Y1
1193351
2035610 1
1245759
2040480 1
1285379
P936189 B34
P676499 98B
689142 30
13042026S7B
L123459
792345
939657
F0000481V01
1260411 B
F0003199V01
2033713 3
936612 82
2030061
F1000011V01
810269
93771 MX16
1227627 D
2042191 01
1013582VP16
250320264A0
2016046
484875
899330 56
1263570
P831901 E
1245742
810286 1
917168 28
GF5356D
2040832 1
2040648 3
1218229MX4
2085056
886217 2
1231280
P711548 A
2004964 03
2045187
2045219
1183533 H
2045627
1269055 B
2004720
974987
2009069 1
965984 09
1245777
41577 RDK
GF8588A1
685023 52
P675721 25B
2034339 1
1228506
2040798 3
2002375
2010052 18
682744 6
909329 46
GF8531A1
2049365 1
1222142
2078604
92711 MX
2024842
P565150
592026 120
2040069
1236298 B
1211536
F0001101V01
2009631 1
1224315
2001313
884100
PP75331 83A
927163 3
2040248
853535 4
F0001797V01
2017111 1
2017988 11
954125
845663 3
2049227 1
2040809
2047758
GF4054 2
2024318 3
2039011 03
993659
2008316 2
2024076 1
994359 1
2016081 1
1258449 J
2040645 2
833765 1
2048204 1
F0002699V01
2063777
2040686
J1157653 D
93883 MX4
2007469
947228 04
1067810 PT8
2045641
GF8692B1
833809 2
GF8903A1
1222359
1220388 A
P947523 3NP
2035635 1
1195502 J
2040053 E
965753 32
853772 5
1185810 20
2024816
947295 06
F0001375V01
693241 2
2029825
J1181079 C
2016142
2040053 C
F0005547V01
P682464
853705 6
833004 5
833298 B
20630217 1
1041787 FS1
40039 RDK9
1195517IP11
18062026TC1
36917 RDK
1221465 DCN
936612 94
1125372
816108 02
936612 24
180920256N7
854981 1
2078828 1
994244
1243806 C
966134 01
P54198TTK
GF7189 1A
2063355
1277616 D
1239867 B
P711548 D2
F0001613V01
2078635
J883813 04
664966 7
2015811
1247508 P
2015594
1267706 E
GF8964A2
2040063 2
1239897 E
1041809 FS2
964504 04
965419
993789 1
F0002696V01
GF4159A1
1193706
994246
2047068 5
2010167 3
1285020
92117 MX
804727 8
993508
894388 1
965670 1
936612 37
GF1140467
1234082A
2045740
826539
2088361 3
909309 6
815896
2017947 12
811888
2010324 1
1205591 A
2004857
J904616 02
2049051
941047 9
2007852 2
GF8959A1
1263737
927777
776852 2
2014993 1
883568 01
1199586 F
P2047508 22
92758 MX
989771
F0000535V01
41008 RDK7
801133 01
P965678 23
966110
1227757 D
992196 2
993721 1
GF1157643
815680 02
93805 MX
2023A361V01
1206650
1267957 I
2047973 1
2040153
2007194 1
GF3939
2008675
F0029873V01
965820 09
2009147 3
1225712 X
1267719 A
92925 MX
P946153 V
1263713
1231431
2040713
2080501 3
2015635
06052026YE0
GF4119 3
1206913
2008985 2
2023A337V01
2042068 02
P964967 04
F0004853V01
F0001546V01
1245771
P852700 2US
P565354
2016462
2008909
974011 3
P965700 08
2040616
966151 04
2063459
P965605 04
965416
2024669 1
41005 RDK7
J1247592
2039138 34
2078734
2033683
2017653 1
F0000291V05
2017614 15
2015508
682882 2
684921 1
964712 02
2024451 1
GF8695
GF885103 1
92978 MX
882760 42
938606
2040045
2078691 01
2045775
2017555 2
2040615
2017593 1
2049845
994474 1
1237013 MX
2088408 4
2033230 3
1041782EP2
2025084 1
1218053PR3
2017342
F0002693V02
41544 RDK
1222356
993327
689179 01
GF904621 04
886205 3
1185104
F0000493V01
855302 59R2
RG MICRO 18
2009752 1
908201 7
1251811 HZG
F0001243V01
P965388 18
1185447
965964 1
F0001910V01
GF8828A3
40854 RDK
994087
965782 09
26052026Z6C
993810 1
939607
GF6153 1
2014593
2023A387V01
GF1157953
1252782 CCN
2085128 02
845819 2
2039122 12
2033798 1
P689005 07
P20630353 2
899377 02
F0003106V01
2009201 1
2040100
87864 MX
P695800 9
F0001435V01
965726 2
42417 SS3
2007061
2033665 2
41608 RDK
1258670
936612 13
2032549 2
2032559 2
685686 136
2085120
2045311 2
2023A345V01
1129790PR7
1268960
2025149 3
2056855T
J904619 06
845823 2
949971 1
GF8679A1
938467
900504 MNA1
2047185
2010052 20
1262126
2047452
2024186
2071783 1
2045188
1205865
TESTMWBK2
2601202664U
2040578 6
GF4155 5
990524
2009912
T1131025
39794 RDK9
2008705 2
2040801 1
854564 1
F0006181V01
2024865
2016270
2045630 1
990195 1
2007402
880295 10
994488
2008750 2
964970 04
1263581
2009787
2015673 1
965387 12
2024746
2016149
2049609
GF8961B1
992024 1
P947523 4NP
1278572 02
2024370
2008567
574845 36
P973693 5P
854274 3
93758 MX9
1179997
2045753 1
2057105
F0004360V01
853347 2
973710
F0000380V01
993485
2008910
1221474 CN
2033723 5
GF6056A4
2004808
571875 92
40991 RDK4
685778 76
1041755 PS4
1125410
94045 MX2
927693 12
2047673 1
2040366 4
965446
2014591
993499
724270 4
P2935TTK
26052026A1C
2057034
1154191 CF1
1197791A
F0000527V01
1273762
1218391RK44
PPT79738 03
GF1225D1
2040696
2056699
2017143 1
1262122
965965
2040230 1
2045805
2015763
1263829
844428 2
P2006520 1
2043243 1
2048330 1
2045841 1
904275
2024137 2
2023094
970190 08
2511202520P
903953
832294 6
GF4196 3
2085054
F0000513V01
P774469 23
899520 13
2048458
965600 06
P2017092C03
2056753
P720283 B
2033706 2
683682 3
2056647 1
F0006056V01
2017424
1262146
993684
2063651
GF6333 5
2024241 2
1237031 MX
1266053 02
GF5051 4
938621
GF4469A
P880295 6
993768
2045419 3
2024075 2
2004835
2008584
936614 41
2040730
1206794
P810286 1
2009106
909453 06
973477 4
2040469 1
966048
899498 05
2045560
F0006179V01
2019540
2048657
06052026G00
2045744
2045750 1
2017656 1
11122025B1M
1243718 M
2015050
GF3973 1
1248739 D
1206639
F0001878V01
833860 3
768893 5
2048306
F0001794V01
2058925
899422 19
2040095
2025078
885583 6
GF6405A1
901201 E2
1263710
1193574 A
GF6093 1
2040239
2033710 2
786745 10
GF4094
2022513 4
2016055
2040002
2024613 1
2006673
2047197 1
2017286 3
880330 49
815176 01
804892 2
2017240 2
F0005516V01
060120267VF
2088427 1
854563 2
995241 1
F0001740V01
1164860
875380 04
F0001634V01
886333 3
40659 RDK6
768582 1
F0001408V01
GF883032
2024813
2008740 1
2009218 1
F0029235V01
2045818
2047947
829680
725325 9
P965712 14
2058966
P678284 48
2078605
GF1087485 A
2017147 1
F0001704V01
1269440 G
1295291
882489 03
1260574 FS3
P678394 87
2010788
869592 08
2008758 2
16122025D29
885990 5
1287031 01
1206798
GF1082598
F0000853V01
2010164 2
941517 5
93802 MX9
2026013 3
J883839 01
GF875335 03
2036798
832992
2056856T
863462 45
993265
2040192
93766 MX7
2040415 1
730467 10B
2007080 1
2048722
1195532IP29
1177537 H
2045569 2
92873 MX
2045681
P2076523
2002383 1
29102025Y7U
GF6726A1
1269170
1244017
F0004414V01
2042011 01
815953
GF4079
669589 BO3
GF6070 2
GF8928A1
GF885117
2045586 2
2040172
J883101 01
1205893
2058961
2058827
1082379 D14
2024128
2017550
844555 2
810275
250620267E1
F0001322V01
2017243 1
965268
2040115
1226714
2056774
GF5423B
2043046 6
660375 U
2025070 3
P55025T
724785 3
2040359
P965389 13
GF09018A1
2063232 4
F0001549V01
972090 4
1258960
2040785 1
975340
2017608 1
170420267C6
2088328 1
993582
2010494 1
854176 9
919051 17
2063646
949548 1
884368
GF4055
854171 5
F0000990V02
85511 MX
2078642
2010478 3
2035676
1285645 A
946065 1
GF6267
973753
2063443
2015901
2015766
965427
41043 RDK8
2025041 1
539410 05
F0001278V01
F0001386V01
2045090
2056716
833897 1
2045678
2049030 1
2033279 3
F0001389V01
1261024 G
87919 MX
2042108 01
2008742 1
13102025GJ3
17102025B48
965604 04
2025182 2
2045672
685832 32
994239
2008780 2
964586 01B
1253483
2033824 2
966152 05
GF6383
F0005696V01
2034111
2040546
2035763 1
1206918
GF727783 B
1213519CD8
1110933 D
939202
F0001272V01
936612 81
2063348 10
2056777
1263789
993482
92932 MX
904274
2029407 1
886410 1
965959
2008994 2
1239920 A
J882474 01
786559
2078717
845656 1
994357 1
92904 MX
863216 07
862877 1
38259 RDK
2029406 1
GF6186 1
2048412 1
2048002
815949
994423
J1082405 C
826535 01
1272060 M
2025066 2
J882961 04
993833 1
41672 RDK
2078631 11
833257
2017173 3
2018126 2
973748
GF3552A
2085064
F0003578V01
2016178
2063046 1
977100
949725 3
0312202562W
2025969 6
2033705 2
1152843 K
774432 29
965731 1
826911
2047668 1
1221472 CN
GF5658 2
833944 2
936317 26
974827
2014621
973515 2
965968 1M
2063709
GF4103 12
2017185 1
2088542 2
2019757
826061
993505
774711 32
2024671
1206653
968313 03
936612 73
958067 1
2040507
GF727755 H
2040071 S2
1231473
PP75331 87B
2023078
1295306
P973399 4P
714329 02
P564750 1
2009272 1
1273641
1164905
826162
2040829 2
682878 5
2050792 15
GF6098 1
1274983H12
854816 1
2017139 2
989252
2063725
714298 04
539223 06
883805 07
1212367
1231470
762492 30
2040908
1206628
2057203
1197306
P2018103 47
2045649
2029964
19022026Z61
1041811 FS
2045642 1
2017365 11
2015804
2034285 2
2048432 1
P2048774 LB
1258786
2009756 1
853477 4
F0001381V01
685866 54
39905 RDK1
993749
GF4168 3
2088569 6
F0002094V01
P965649 57
855318 B236
1207287
947903 11
2040514 1
1193751
94147 MX10
2047614 01
92871 MX
2014825
1181443 NP
1180998
1206852
965891 06
2010581
GF885179 1
P966074 11
681333 12
2010161 2
945666 1
2011230
L3
P899468 02
2024579 1
2034170 3
2033988
2023017
2017909
2016139
833940 2
2015730
956100 R01
768800
2056508
88417 MX5
P2017092C71
2015060
GF6725 1
885847
993738
2040643
2015186
F0001342V01
1274594
2034226 C
947918 02
974114
2008309 2
2016406
938447
592076 04
2017904
2040070 1
92108 MX
2024202
2017618 16
2056945
GF8920A1
880262 19
40752 RDK
2015127
1231411
2049368 1
994238
2024799
744843 05
904248 01
GF8787B1
884364
GF3783 2
P943829
559946 02
997978
680179 10
661102 03
2004664 1
854554 1
689222 07
T1141025
2033157 4
684734 1
2048125 1
2047721 1
123456 MB51
684780 3
2042060 20
880310 16
2017857 1
40940 RDK8
2016373
41554 RDK
994303
810326 11
2050661 1
2057277
41635 RDK
2007385 3
854974 1
992961 1
F0001394V01
1206243
1285396
P965621 10
42610 SS8
1101870 PS1
2063230 1
39318 RDK5
P993972 30
TESTMWMP
863754 05
927693 3
974914
P675721 35B
1123443 W
2007021 3
1222139
1263559
833895 1
2016301
F0004399V01
41609 RDK
2040259
993173
1251770
993094
2010079 6
2023555 2
967342 6
P875903 01
2088436
967575 08
GF8735A2
993832 1
F0000680V01
940940 7
F0001576V01
P2006518 1
2024717
1218426PL1
1193359 A
2019750
P681344 1
761505 14
539522 02
1218246PL2
1100944 E
GF6107
L2
F0002465V01
1185061
2039168 05
93826 MX9
2040544
2063233 1
PPL52022 98
2058766
2021532 19
846311
F0001545V01
851786 34
993105
2056760
J1157979 F
2008730 2
P852771
40073 RDK6
GF1118872 1
2021637 20
2009114
777678
F0000602V01
2063332
2009913
GF8932A1
885953 12
1285727 I
1268983
940940 6
2023A378V01
P966039 14
853765 4
1263685
1248714 A
1295164 E
2047697 2
995253 1
684204 3
974084 3
954132
2063119 10
20630106
GF1118536
1231224
945625 3
801132 01
J1119475 D
965516
2042132 01
P965804 A
1268970
2002330 1
603728 45
2040605
92755 MX
1185091 I
973708
2008862
660840 05
GF4418A
92601 MX7
34714 RDK
956611
2008773 2
P2018103 03
2033700 2
2045692
F0001905V01
2010697 20
F0006184V01
2047390 5
2040442
974812 7
2033736 2
1230980
2016415
GF3972 1
2050552 4
2019657
2033198 3
2043335
1902202669A
03102025IM2
2058720
927414 7
846406
2056754
GF6328
2024348
2010748
862880 1
41681 RDK
2063657
946058 1
P678284 86
2006918
994235
2008937 1
P2017092C73
975121 1
2029574 1
P682270
21102025K1G
F0002177V01
GF4053 2
1218359CV38
93029 MX
863275 39
P852099
F0000387V01
2034140 3
975347
974813 9
F0001921V01
2010467 3
965985 07
2063508 3
1129908MZ5
992963 1
F0005489V01
GF5356C
1211683
689125 07
F0000279V01
2026211 3
GF4475B
1185052
92920 MX
936279 05
2071540 4
2056521
39252 RDK
965106
J904621 02
1231266
P676517
NRMCFLA4
1197583
93807 MX8
2078501
952574
GF6194 3
2045843 1
1285317 C
F0001261V01
2023752
35223 RDK
800085 14
2063491 1
2040274
2063360
2072538 74
2024808
2026063
2040816 2
PPDM80892
1213532CD13
2078602 1
1185054
994012
2025637 1
938600
1243821 V
938488
93123 MX
1258021
1101736EF18
PP75331 87A
F0005525V01
855311 C268
2042022 01
2010967 12
833862 1
2033911
41534 RDK
2057206
GF5644
1239872 A
9379073 1
994421
1258749
1082570MX3
F0001536V01
20630122
945666 2
2015408
2016140
GF8830A2
2063354
1193269 A
2009436 1
P675721 98B
2033991
592014 20
2033714 2
P992944 1
994578
2040589
939070 1
J882575 01
2008752 2
993261
2029086 1
1202779 D
2023A312V02
1197577
829755 1
2004761 01
P967488 5
2032556 3
2058943
1258855
P711022 43D
F0030295V01
F0001100V01
2017649 1
2017411 2
1258728
975344
852154 4
F0028966V01
689146 01
2045444 8
2040409 1
940577 21
862743 5
833668 2
2010368
2063701
2063159 3
GF6007 1
41100 RDK1
1084229 G
2046008
2017643 1
965783 09
845005 2
1273750
2016136
2009879 1
2019560 1
684096 7
592052 12
954151
P682028 1
1262101
P968159 05
1063992 A
785599 3
2045951
1266131 01
2050634 46
260820269BD
P564461
2058945
1162518 SCN
2041052 3
1221473 CCN
2026111 4
2063457
2024763
2040509 1
BB2025582 8
919097 14
1205299
2015624
1199833 F
2056929 1
2017323
92756 MX
GF1151678 E
956395 R02
1243680
2011128 03
2034228
592034 07
826661 01
2088466 2
85603 MX1
2048561
2009960
846243 1
2014618
1274979L3
886411 1
2004240 4
08122025V11
2045310 1
2045699
645522
01102025U0Y
GF1225C1
882493 04
30514 KLS20
601222 82
2032537 2
965711 3
1261666 HZ
2040173
GF2683A1
GF3547A1
1040696KL19
862450 1
2078502
768791
965270
P965678 22
2015806
1274944HA
1263560
2051555 4
1218219RK9
2010294
J1059813 H
1225711 Y1
810225
B2085019
974818
GF4467C
744887 01
P908373 A2
992952 1
2024608 1
P2063414
2007086
2016048
2024377
993889 1
855425 52
679718 BO2
GF725692
2040065
F0001530V01
1266133 01
2024207
GF7258A1
2051532
689224 44
2001619
2023933 1
P676499 48B
727737 03
GF6905
GF3957A5
2032706
966041 10
GF6368
853758 9
761772 60
2014822 1
06072020D04
1041772 PS1
P966143 16
GF7148 2
815955
1260231 Y2
855302 C679
885441 1
1277593 F
P967603 04
1263705
974109
2047786
111220256QK
2058833
2056911
1222358
2056653 1
2078630 1
40753 RDK
1243527 C
2008583 1
726220 57
GF8767A
F0001542V01
93937 MX2
2024732
2016891 2
993251
992883
P2018103 85
994605 1
2024766
855402 31
990027
2045728
974820
854944 1
833258
2004858 1
2046031 28
41369 RDK
2033816 2
93382 MX4
2047388 3
41120 RDK
1118759 G
1129910RK3
1039892
2034028 2
977140 01
972049 71
791453 4
1206694
854179 9
1082995MX3
38560 RDK13
2017367 11
829776 1
992998
P993640 9
1258795
855355 111
975342
180920254V6
956085 R04
93747 MX6
93381 MX2
1263758
854958 1
845907 4
939075 5
P675721 B
2063028
994452 1
2017242 3
84997 MX
846392
852193 5
1220947 C
2033398 3
2045192
1159424
965881 2
283382 6
2017849 8
2026140 1
PP79345 1
J1059563 C
2002701
GF4017 2
2045440 1
P2017092C47
J1099507 A
GF3990 3
2040572 C2
2024542
2019758
2047040
P676143 87
885915 04
2023A342V01
2002386
1207321
GF6168 3
1902202664F
993824 1
2035614 1
110820265Q3
2040229 1
93830 MX
1258814
2088433
768892 2
854489 3
202607019U
94210 MX
994141 7
965979 1M
2023085
GF3830A3
1222284
964870 05
2015405
1278576 24
41432 RDK2
GF5645B1
1197893
2009219 1
2034112
854841 1
2056857T
1220655 L
2058956
92731 MX
P863548 09A
P852523
GF6105 1
94055 MX4
GF6648 1
2040537
F0005998V01
T901062026
1268677
936290 54
992879
P952025 2
1244067
P965716 04
93842 MX4
1118881 C
2033664 1
GF6111
1251816 HZC
846263 1
92918 MX
41157 RDK4
966051 14
2017869 2
F0003541V01
863561 25
2045950
1127452
2024830
260120268J0
1237012 MX
854404 1
1262124
GF724177
2040048
1031387 H
862488 2
974452 B
GF4928A1
2078697 01
609129
1203987
854168 9
883490
92109 MX
990476
GF4410A
2036895
949945 1
41199 RDK5
993727
94233 MX9
903948
2059052
2057278
2088789 1
867073 03
1263740
994442 1
1206635
2048351 1
1230027 E
973478 5
2048338 1
882704 09
2047964 1
689168 16
992977
768657
2030541 C
684996 1
2008726 2
2008553
P2009975 A1
2009459 1
1080267
2034221
1144628 L
684868 1
F0001275V01
GF1157875
2016076
1067691PT32
2088385 1
994449 1
2078698 01
936612 65
1197588
2024722
1164882
2017275 2
2063149 3
P55025TTK
GF885138
993774
833236
1295316
2088377 3
86010 MX
854600 8
882493 05
2007017 3
41126 RDK3
GF8547
GF4245 3
990200
853356 5
F0001912V01
GF3897
977136 01
2024729
GF882395
1218182KL7
2024843
P965698 19
1258793
1236483 K
1227565
909569 01
1118877 A
974718
GF8914A1
2007909 1
2014778
GF1140025
2011211 2
994073
833651 1
2015597
2034027 2
J904617 02
GF6647 2
800261 02
P964955 08
171220250JN
1206297
P79087TF 1
2045436 3
2078567
2051669 5
1239839 P
P641579 B
2001616
F0001274V01
2047386 3
2088638
975174 1
833490
2025576 1
2047633
2078503 1
2040710
2088477 1
P847541 B
1218101PR2
1068874
949568 1
993981 1
954225 1
2008957
2040441
F0003575V01
965813 06
2032913 2
1153257
966233 01
2010749
833917 3
993583
884393
2010456
2085104
2017162 1
F1000008V01
GF4878
766940 2
F1000034V01
1218148MX
906602 42
F0005001V01
41621 RDK1
2002453 1
20260128H6
738250 12
2032725 3
2046025 21
1041789 EP
P726144 B
899276 13
2029992 1
P885701 2
1197816A
2010229 5
J904235 04
1059612 C
2034356
851965 B
F0001302V01
956158 R08
1045569 D
994144 6
853365 5
2040050
P966082 23
2048406 1
GF885162 1
2045713
41406 RDK
811886
2024366
2010756
1218434 MZ
2017413 2
2026153 1
T315042026
885947 E
833899 1
25032026Z91
956148 R03
956071 R01
F0001636V01
J1118725 C
1258787
885845
F0000422V01
2056509
833804 6A
2009861
990538
2039160 44
1295002 B
GF8829A2
994261
1265271
2045844 1
J1118856 D
92752 MX
2071524 3
854352 2
31072026W00
2045743
F1000029V01
060520265LX
GF8789A3
826541
992960 2
2078620 4
833199
2001302
2045896 1
833937 2
P965034 01
41399 RDK
2047388
92076 MX
050120261V6
2033159 2
2051572
2048194 1
120620263GK
854890 1
954194 4
949449 6
2056725
F0001388V01
9379068 1
P79086TF 1
2029767
766115 7
2047969 1
2021034
989710
2008911
682878 3
815470 01
2010485 1
2078558
936612 11
2004977
904619 06
829701
20630343 2
880279 1
F0001925V01
2008922 1
P965691 15
J725309 11
2056518
2045306 1
2041050
2047648
994232
1101952 FS2
2045087
011020258IQ
693289 9
41567 RDK
1252800 CCN
2002480 1
1263810
2040226
685619 39
1247556
2056788
P869584 E30
2040037
41617 RDK
2048212
880262 17
994228
2051512 6
09122025JX9
GF2606B
994229
833418
92033 MX
1260577EP1
T2121125
2085102
940556 4A
875383 08
2058941
P2030541 C
965363 1
1222050
1258767
2040006 01
975377
833799
965931 06
774599 01
2032726 4
724949 1
2045379 1
993725
2015660
2023238
1067747PT4
F0029467V01
833648 1
993297 1
1291109H9
854772 1
2016189
974019 6
1251772
1211693
2047509 24
F0001031V01
801136 01
560061 W
2002455 1
2002376 1
965321
908260 1
1205045
609579 111
41605 RDK
989224
P901625 B2
855292 C357
2048341 1
815270
833096 10
2015410
974387 8
2045585 2
F0001867V01
2063324
2016126
P678995 83
854278 3
GF8788A1
684665
2024345 1
1051138
854920 3
GF7260A4
GF6266 5
1242325
2015975
539481 09
2040169
2093568 1A
2035594
1261704HZB
P908372 A
1248843 D
811897
0502202613C
965442 04
2034039 1
P641579 A
2040014
J1059979 C
2016439
2078599
92719 MX
42379 SS12
2045670
2010880 1
833833 1
2039103 01
1129983RK2
993351
972187
2017196 1
1252685 GCN
2024051
81638MX4
2050753 10
2063696
682883 10
2015655
F0004241V01
994185 1
855318 38R1
2009883 1
2085103
2004513
2032750
140820261ND
1287025 06
2017336
GF1129885 B
854965 1
846160
F0001873V01
990416
94212 MX1
F0005554V01
990133
81620 PUR12
2045727
949803
J1181168
2040264
886200 3
20630107
F0002283V01
994258
93881 MX8
815810
992771
GF1170839 F
F0003193V01
2010343
592056 27
2017335
GF903540
131020251J7
2045130
41549 RDK1
1197562
1067714 NT1
2008793 3
2039131 18
F0004006V01
1206626
081220253CI
845813 2
2040167
F0001387V01
1251684HZC
41504 RDK2
39011 RDK8
994086
908566
2033747 2
2016494
1202727 A
826390
GF727776 A
P908373 A
2040488 6
P559772
2018059 1
965750 1
2063558
855292 38R1
J1181415 C
F0005100V01
1258776
1295323
190320267AA
1295289
965812 06
2047972 1
899676 15
1278517 03
2050701 4
2016495
PP80395
P853411 2
2017557 8
41637 RDK
41612 RDK
1266012 07
861925 2
954128
994604 2
992901
GF3799 4
827527 74
1274593H
80926MX23
1244047
2010664 04
768573
689153 20
972296 1
1149692 D
1251552HZ1
2017621 15
1149912 G
F0029538V01
41042 RDK4
2078752 2
853481 4
827563 15
965018 05
965621 10
941503 3
1181208 A
714337 03
1281015
1129931MX1
2017659 1
826358
GF6045 4
F0005518V01
1258753
2048197 1
833703 3
2063573 4
1206698
1251676HZB
2016008
1206641
941502 9
2040918 1
990153
P675300 85C
1252802 ACN
2042262 01
2040156
2045758
854394 2
39965 RDK4
GF7238B1
P678396 03
2040024 01
J882074 03
815867 01
2048295 1
2011033
F0000511V01
2015413
2056587
2015751
1067952PT1
2085071
2019650
P853751EW
682850 2
846254 12
88428MX3
41629 RDK
2023015
GF4083 5
1045660 B
791459 1
42448 SS7
880338 26
965832 12
GF1091225 A
2024122 1
927979 4
F0004309V01
936612 92
93876 MX3
994505
994117
854049 2
2014622 1
2008304 2
2015972
2085119
P965614 H
1193701 C
2035720 1
P875806 01
886257 5
F0029043V01
2023260
965689 08
F0000509V01
993288 1
2010174 2
936219 03
853362 9
724479 12
974004 8
1193721
1238577 C
727793 01
J882852 03
1169574 N
2045725
2040258
J883819 01
93018 MX
F0001025V01
2024659
GF5430E
F0022199V01
22082025V05
997738 1
GF3898
2034010 1
966056
2058930
2045296 5
2078647
GF727750 F
P80046 05B
2045643 2
685725 101
011020256AU
F0004275V01
2023A339V01
2071597 60
F0004845V01
2033240 3
GF6167 2
853538 4
952740 3
2029637
1067793PS18
965679 21
2048364 6
1082598MX6
829690
F0005697V01
777779 1
2019554 1
993301 1
2017416
2015808
689121 18
2023442 1
993925 3
2056649
965293 17
2063441
2040955
GF8537A1
1206153 A
J883805 01
994360 1
2007146
1212413 A
2056860
P645102A
GF1100838 C
1273751
P875805 01
26052026GH0
F0029201V01
41641 RDK
1262089
1263691
P853751ER
1269257
994096
2033928
833898 1
994597
41569 RDK
2040051
41009 RDK2
995387
92762 MX
909371 1
41183 RDK3
F0004403V01
1262138
1231264
966232 05
2085091
2088403
GF8670A1
GF6061 3
964913 07
2017734 1
1260334 A
2034327
1185760
1231467
852153 5
854098 9
853754 1
P936189 W34
560548 02
1244008
GF4007
2016811 17
P974006 8
F0001906V01
2034034 1
853471 6
2040663 1
919121 3
F0000490V01
GF8925A1
GF6591
1269150
GF1225B1
P2049222 Y
852153 4
42211 SA3
F0001211V01
1166273 B
41006 RDK4
853703 9
GF7219A1
1101715PT5
06012026G33
2057092 1
PP80394
2047454
1268986
J1157833 K
P660121 B
833670 1
92092 MX
F0000630V01
2024018
GF883008
1243726 A
2017607 16
2017808 4
1263689
2040584 A
1261875 A
P863674 13
994005
2056913
2043191
FG250910 3
P965684 11
2040058 3
2015605
2045839
994250 1
41636 RDK
936612 45
609744 09
2023012
2063728
2023226 1
1185756
967688 01
P0000761V01
P676143 48
810212
1260458 G
2016048 1
F0001341V01
939266
GF3926A1
P993468 22
970187 16
1082647MX13
2035593 3
2045193
539319 12
1101957 PT
2016411
1238557 M
2004398
454431 W
2024363
1266002 01
833763 1
2011132 03
2063314
2025165 1
2033161 3
2058926
2016790
F0001176V01
1067952PT5
2010480
2063590 4
25032026Z1W
2040629 1
J1247649
41331 RDK3
2040728
973745
1082594 RK6
2048194 2
761766 28
93036 MX
GF5803 4
1273635
2017900
2040930 1
1285222 E
2033167 2
945514 2
P966072 11
2040657 3
965734
948808 3
965297 1
140820265NO
GF8805A1
994443 1
F0001919V01
1222354
2058749
1185070
2009209
20215041V30
2007912 1
2045926
973986 2
2017568 2
41184 RDK2
92754 MX
2024392 1
1229058
679054 R01
P967590 12
2040353 3
2026058 4
855311 B236
2024724
1268719 B
GF5642
2078557
977005 L
2017950 11
994428
2010901
GF8604
853698 8
956091 R03
P965683 07
1295067 D
2007254 5
939254
88417 MX
2033214 3
P678995 85
GF1088A1
41623 RDK
1220914 F
93378 MX4
2008679
2006930
2045657
2016217
2040208
GF4196 4
GF4475A
1251715 D
1197664
J883805 07
592013 13
833292 B
J882240 03
2047840
886216 4
768775 1
92723 MX
2042080 03
2047387 2
P660121 C
2045416 4
41702 RDK1
1045659 B
994387 2
42186 CA6
2024281
93344 MX3
2023883
1193288
1244044
P677578 25
2010323 1
2010319
827528 35
F0000480V01
P968263 01
2029966
989989
992902
2017262
927179 3
965975
GF883750
P944790 1
2047537 2
GF5425C
1041848 FS
2016186
852152 4
2025799 3
P965382 12
870033 26
885474 13
21102025C5H
GF6459 1
P2018039 A3
560549 13
2045570 2
PPL52022 25
GF1166228
F0001877V01
965848 03
GF8023
13112025R0N
GF6329
768893 1
1101926 FS1
2024148 2
966111
P2051664 H4
2017282 3
894387 2
GF8594A1
20630366 10
977114 1
2023A316V01
1251672HZC
774502 46
990521
40981 RDK7
2063440
1189288 A
1212188
2030541 A6
2009824 1
2078527
2085043
1071089
726116 67
2008963
2805202664C
993246
863720 32
1293516 C
2040522
2078622 3
2004769
P880262 8
854280 3
P2023436 W7
39286 RDK1
936612 05
1206441
2033476 1
994588
2029083 1
2040623
854967
1125479
2078577
1222190
936322 30
899657 09
2056849 1
P2033014 3A
1227664 D
2024112 1
1227767 D
2057191 2
1251575HZ
2008579 1
2016421
863746 34
2048196 1
903383 C
P2026617 B
25112025R18
2040800 2
P2076552
761601 47
2056927 1
2033657 1
P804963 8
2011169 1
2051641 12
2024606 1
1206705
P1217310 G
1152646 R
P965679 19
T321102025
P2049061 7
689151 84
664961 13
990137
2056970 02
811822
852165 4
2009760 1
762235 16
P875804
2045673
2048347 1
2026064
2088617
2058955
1285731 B
GF4264 1
P965017 03
940836 6
993818 1
1101897 FS3
F0001558V01
1237015 MX
936612 44
F0006176V01
2009721
1218248RK3
1224549
2009916 2
2063648
2023718
P730708 11D
800233 02
280520260QX
946059 1
2078644
2045990
2045197
2035654
1408202654J
1266032 04
GF727786 A
966010
2048336 1
F0001872V01
1248520 C3
2032550 2
2006927
2007906 1
F0003200V01
852151 4
GF5985 2
2023A335V01
974938
42252 SS41
19022026K3F
1199580 G
1231474
2010160 3
995259 1
2036897
P967546 09
689153 14
854892 1
GF1043440FS
682852 2
863374 11
2085115
2078509 15
967571 63
1278512 46
993289 1
GF3773 5
F0000388V01
P677578 86
977139 01
1263574
2036797
941049 2
92142 MX
BB2025660
88262 MX 2
82026 MX 12
1242587
2045685
1067849 FS8
2033162 2
1082573MX6
P2049097 1
GF3793 1
1295292
1262056
1205396 A
2024753
815872
965672 1
855302 B235
2023756
GF724736
940542 4
761583 5
PY0362036
2063543
92761 MX
2032707 1
GF3836A1
2015729
882492 05
2088331 2
P9379051
F0000543V01
1197574
P985026 17
965646 03
2017898
2024338
2004175 18
1258673
2004799
2035664 1
GF8595A1
2045746
1206174
2045730 1
1266071 01
18092025V17
965032 02
GF727752 B
2017651 1
93311 MX3
202511263Q
2024172 2
P571215 CZ
2007016 6
J1181166
2056817
936612 88
965420
947959 02
993090
P2018103 86
2006922
854183 9
38933 RDK
1247508 T
989927 1
GF4418B
1258710
1067817 FS2
2045840 1
P970200 11A
F0001258V01
F0003694V01
902806 20
P668859
993093
800271 01
1212190
2060663 2
GF5428A
1207183
2009980 8
F0000765V01
993092
2017165 1
684927 9
1129793RK7
2017902
975108 3
F0000700V01
F0001434V01
956626
2088467 2
2088726 2
93868 MX5
2023259
2047961 1
2039045 03
2078581
F0002275V01
P559774 S
810310 4
F0001072V01
33049 CA
786559 3
F0000697V01
P965391 10
1178057 F
F0000463V01
J883172 02
1257523 K
2047857 01
2063642
2035813
1252615 CN
768856
2040554
36571 RDK4
2025071 1
685929 4
952346 1
F0002245V01
1808268GAP2
1231455 A
P965442 04
P852699 2US
1263686
20630219 2
1285232 D
F0004398V01
F0003014V01
965654 08
2024427 1
816072 02
F0002092V01
92713 MX
2511202528S
2015722 1
854769 2
P875808 01
2035629 1
2045774
1239838 H
965716 04
1102339
F1000015V01
19032026T0S
1101755EC4
F0002231V01
761576 27
2008703 2
2057329
854653
F0001909V01
811878
J1181235
P2006517 2
F0003853V01
993267
41000 RDK4
20630133 B
1144809 T3
140820263YK
880385 5
F0004968V01
2032701
1045668 A
2018058 1
1268680
1258483 A
853364 6
1248628 G
2023421 2
956520 R01
975118 7
2050754 1
833276 B
1269415
P682234 2
1295355 C11
1108503
2058740
975660 4
2045198
2088313
2015969
936241 06
2060602 2
800239 05
GF8534A1
2071669 1
1261654HZC
F0005550V01
2047962 1
GF6589 2
GF4248 3
940537 11
917172 8
1082589RK3
PPDM80551 2
1218245PL2
2045693
P965651 09
F0000851V01
F0001021V01
1243852
2010397
1247557
2017799 1
80236 MX15
965940 2
2008667
936612 21
2006843
F0029152V01
GF3844 3
875123 04
J882225 02
854487 3
2030541 06
2008680
2045221
1212376 A
P993174 10
F0003873V01
965900 14
2090530
853755 1
2058663
GF1100838 B
2010428 1
93944 MX
2047480 6
997632
1101681PS20
2058919
40952 RDK3
93821 MX16
965939 3
85234 MX4
2040425 1
93736 MX
949536
853356 8
40992 RDK7
993588
2071778 5
2009865
2045988 3
993674
GF3786 2
F0006320V01
843734
664981 8
P93736MX1
2057026
833757 1
965999 1
1261258 P
2023521 1
2035814
946098 2
2040057
P667136A
2008806 1
2030107
94202 MX
2001297
1258747
GF1059563
2015118
1285708 B
909279 31
851971 B
2017645
949947 1
2033154 3
2043399
2057028
909360 09
2058832
941504 13
685857 14
938320
1197820A
41568 RDK
2034122
1258467 A
2010157
2056920
1231274
2023269 1
2032920 2
2040517
2041014
1186894
P965021 01
F0004137V01
F0000536V01
811821
NRMCFLA1
2050767 17
2025183 1
93026 MX
985739 1
1231228
2024373
2034004 1
539966 07
2024792
2008317 2
F0001432V01
2039111 09
F0005990V01
1296029 H
2016293
2010314
1273683
844120 4
940967 1
2050736 22
994806 1
2063582 4
1287006 21
949817
P622170 A
TTTTT
1101679PS13
GF1059813
854172 5
39330 RDK1
F MOD 012
609790 07
P804959 2
992769
1221424 GCN
2088593
917190 03
2033236 3
609364 73
92912 MX
1197795A
1247031 W
956097 R01
949448 5
2056909
810057
826063
1031246 B
2024868
899656 08
1244056
1230034 A
2048348 1
2033479 1
J1082315 F
J883542 01
2063341
2017962 1
2015136 1
560602 07
1101355
211020255SJ
41598 RDK
2063113 10
P2010226
854967 1
863757 05
2024720
1251640HZN
2025434
1208017 B
P71783TTK
855254 29R1
1252794 BCN
2063109 10
2017141 2
1238931
2010295
1295322
954090
1159441 A
F0000519V01
1258798
2017901
2040125 1
721735 2
2033469 1
1218355CV8
1267973
111220259I1
2033993
833127 2
2017748 11
993711
2033827 2
2008992 1
GF1119264
33047 CA
994587
2023088
J1001259 F
2025255 4
2032535 2
993714 1
2008681
1263833
833951 1A
2048089 1
2056604
2063323
2048279 3
2023054
GF8809A1
560600 07
P2032576 1
2058842 1
F0005521V01
2024004
826531 02
1262132
2048197 2
854051 2
994325
2045823
2058893
F0001212V01
2040731
2078576
886223 2
2008634 3
885766 8
725329 2A
F0005531V01
1295330 T
130420260IN
927694 6
1222352
1082536PR30
P2010064 A
2056627
43278 SS8
92977 MX
2035807
2047386
678867TT
2009089
1227673
GF2740D1
F0001570V01
964912 05
1241614
9379069 1
936612 111
J1157687 NP
93343 MX1
845773 1
1153109
P711022 85D
GF885164
2045092 1
P80911M
1262143 A
947781 10
GF6787 1
1041622 ES3
3010202555A
2018040 50
2088464 1
P966067 06
863678 19
939656
2048407 1
1291002L10
P678396 35
539776 06
993671 1
1238946 B
965320
GF8663A3
P965810 07
2024887
2049224 1
J1058120 M
1202833 A
2008897
1119656
2045755
1263780
GF3971 3
P685908 39W
2045191
93742 MX23
2010163 2
2024915
2045432
P908509 A
2004667
2093510 1
854939 3
854491 3
952348 1
2058906
1119896 D
2024807
965585 01
1197564
GF4088 2
2033548 1
956440
2023A343V01
2047974 1
909330 07
41739 RDK1
1067817 FS3
2033486 1
1195509IP4
994432 8
2025507
863727 09
2023262
9379070 1
990150
40773 RDK6
949973 1
2043041 10A
1263768
815980
F0006321V01
2050677 1
J1157880 A
2016297
F0003874V01
F0001540V01
20630137 B
875375 05
20630105
2041043 7
774613 61
992905
2010289
F0000376V03
41674 RDK
1231470 A
2042037 03
1231234
2058984 1
2071771 08
94216 MX1
1244029
993799 1
F0000292V02
908262 1
1238946 C
727790 06
826386
1311202533V
93431 MX2
P668262
1260552 FS2
2056636 1
GF8883A1
2040958
1263809
2078689 01
2045425
2023658
1153241
GF8525A1
744750 03
1252810 CN
2040794 3
J1157891 A
F0003790V01
GF8649B1
1262161 C
GF885168
GF6156 4
995734
1231486
2045554
964995 07
2083017
39964 RDK
2045752
964685 05
GF4246 3
990139
2033496 1
J883843 01
846210 3
1285369 B
091220254RV
938484
956233 R05
2040824 4
1212454 A
2045292 3
P965812 06
F0003520V01
2023981 2
1243650 P
936261 05
GF8575 1
2008370 1
2085022
2703202657J
P852931
1258721
02072026WE1
2056862T
1230029 F
2016764
2014616
1101360 A
2024554 1
1285420 L
P853382 4
2029793
2035748 1
1258791
2011220
P973403 6P
GF7965A1
2004908 01
2015587
2063085
2009861 1
883086 09
2024201
GF6745 3
993476
992758
13042026R0X
2004712
F0001888V01
1251734HZ
854397 2
GF8662A1
2026163 3
41555 RDK
2045688
GF4217 2
1242484 A
2078641
826036
GF8524A1
2090557
P2024601
1231459 A
P2047331 50
93792 MX1
993250
2085090
2009255
P965695 08
2034284 2
GF885184
882577 04
93052 MX
1274980L15
1282034 A
990211
P2403TTK
2023A371V01
F0001763V01
P965695 10
F0029632V01
854279 3
F0001246V01
917107 3
681332 9
826911 1
2011204 6
989747
993772
833492
2004586
2040823 4
991979 6
967531 21
1244566 F
F1000023V01
2023282
776851 2
2040605 S2
F0002247V01
2017562 2
2056772
P852456
973986 4
854175 9
2017564 3B
1263797
1258646
GF4129
92743 MX
2033160 2
1237034 A
2034005 1
2047783
2017609 15
833704 3
966002 1
2040053
1231415
2047951 2
2047149 2
1185878 02
854351 2
2040886 A
940683 18
GF6305A3
TESTETHANOL
2023013
994243
2024794
853402 19
J882673 4
2047143 1
F0003854V01
2040025
GF7259A4
2008573 2
1231471 A
2017135 2
2050550 06
2056612
P559778 SD
2058841 1
1263848
2017558 3
2056530
GF4466A
GF4458A
P711022 03D
842910 1
965269
2078560 1
1263576
93743 MX9
2047687 2
GF6077 3
2023210
93333 MX2
826391
974350 5
F1000032V01
1295325
2056821
2015695
F0001525V01
P680256
F0003789V01
833531
2040040
826916 12
689137 07
P2017092C87
2078607 1
1273684
936322 28
1206885 A
2048198 2
1199580 C
GF1119468
1241523
939076 2
2014684
BP847409 20
GF8889A2
2057163
990207
833375
949506 8
1268931
2010078 6
853358 5
2040906
971290 16
1245646
815640 02
PP75331 86B
2032729 4
2063005 1
2010243
P 561971 D
1213654CD2
F1000002V01
PPL52022 85
21082026TJ0
880353 01
2040534
2008860
886203 2
967686 04
2011235 01
2095579
2058903
2048186 3
994319
41632 RDK
965934 04
2004535 4
F0001108V01
P964599 13
990118
863662 14
1218491MX1
1218253RK2
1218103PR2
2007088 1
833971 3A
1263827
GF8021 1
966008 1
2045182
2056723
J1099584 A
1045658 F
2048004
875237 56
GF1181012
F0002468V01
965986 08
994006
684997 1
1079312 A
2056923 1
1267818
2009914
862890 2
P685842 4
2025177 1
P899466 05
92910 MX
800102 12
1244395
2018151
GF7561A1
250320261F5
GF727773 B
1261421 D
2033845 1
P666559 1
2025167 1
41182 RDK6
2016172
851957 B
833928 1
11111122
2049533
1244396
2023138
854960 1
811824
GF6335 2
2024022
250620262YB
2024733
F0000969V01
810219
974913
2008912
2033915 1
F0029721V01
1263822
2040834
P2026614
GF4195 4
2026112
40685 RDK2
2056581
2010412
2040747
42261 SS11
956231 R01
GF6095A1
1082725MX39
968299 01
665021 5
833836 1
994008
J1247535 B
1258464
853704 8
689164 04
41628 RDK
2057403
1260195
F MOD 021
939706
J883856 01
94051 MX1
948761 1
031020252W2
88418 MX1
854475
728317 17
2010700 20
F0000383V01
2009855
F0003517V01
P2034312 SA
1261540
40743 RDK
966046
2033499 1
GF4472B
P677936
F0001899V01
2058712
2021525 5
2025002 4
2071805 2
2040523
P966021 23
F0001876V01
993296 1
14082026JO6
0310202523E
2017401
2008725 1
2009502
993790 1
41011 RDK2
P676499 87B
GF4247 1
2042195 07
684811 6
2021031
1197570
2035745 1
2088447
2040898
886247 4
2010258
PP79163 1
GF6449 1A
2085109
810228
2029402 1
2009900
2045782
080920256Z4
1260538EP3
P964957 07
854846 2
776850 2
2090545 1
GF1118896
2048321 1
2051529
F0001798V01
P35137 RKG
2034136 2
2063072
993272
786782 4A
811874
1261060
2061087
966214
992904
2017609 7
2056751
1041795 FS3
1218027RK1
685033 16
2047635
40699 RDK7
1129588RK7
2042049 01
833913 2
2043021
41691 RDK6
1244061 A
1806202657Y
2009987 3
2047957 1
10062026W7Y
GF724445
2004175 20
31879 RDK
2017916
974386 8
GF4012 8
2010077 7
25062026M16
2063493
833806 1
1162541 SCN
992880
P964913 07
F0001870V01
811829
956625
2023933 2
964583 01B
1231240
92095 MX
F0001097V01
F00111
899627 23A
1218315RK2
2009638 4
2009866
939206
993578
2043182 2
2010164
974915
936084 23
F0001016V01
936612 22
2049216 1
93364 MX6
TST MICRO 1
2056544
2042057 09
1238852HZA
484756 A
GF885174
1193570
975120 1
1218450MX1
93855 MX3
833852 1
GF5988 2
1261791
993984
1263837
91754 MX
P968316 08
GF1041 1A
882912 06
945662 1
2007192 1
GF4145 2
1268963
2041070 3
2063325
974909
2034031 1
08092025OQ4
P908348 SA8
F0001719V01
F0000577V01
2017613 1
994472 4
2040667 3
2088449
2026570 16A
2007910 1
1263684
936317 20
J1059949 B
833822 2
1244066 A
P968245 136
P875807 01
1225070
P854926 1
F0004829V01
2010977 02
986234 1
2015408 1
2045114
2045684
885911
F0000505V01
2010158 2
2058978 1
876537 07
P645106 C
761742 17
2057129
816104 02
965055
2007250 5
2048428 1
954148
2061114
2049605
2048329 1
GF1184527
2042082 05
GF6766B
1243827
1206704
2045708
844767 2
2058667
2042190 01
2035721 1
1041834 A
GF727750 E
939801 A
1247223 D
J904602 06
2048680 5
GF4134A6
956095 R02
833665 1
P804953 4
989079 2
F0000923V01
1258779
2058948
2048134 1
1244011
F0003050V01
2048207 1
GF8734A2
1251673HZB
679771 3
994447 1
1203808 S25
GF8024 1
994438 1
GF1119193
2024679 1
994489
2023532
2088785
2025085 1
2004437 1
833201
2063111 10
GFS7051A1
93889 MX4
2007023 4
2040206
1227605 G
965049 02
883870 01
1125481
P0000713V01
1221468 CN
815791
GF3798 1
936612 70
832912
966031 01
1239565 F2
1123409 B
2015036
F0029718V01
2035639 1
1246592
2040228
140120266RW
1260495 Y
2016413 1
966108
972219
2016410 1
1206636
1260231 G
J904614 02
2016295
949480
943102 3
1253386 F
P1203674 BR
GF5701 1
985738 2
P965654 08
F0000385V01
F0004317V01
1273636
956235 R04
853360 13
966234 10
2047936
93657 MX18
2004170 10
855254 C29R
2047077 2
815794
2040630 2
863630 08
2026165 1
F1000012V01
2040587 C
1273601
1166268 H
2040620
J904613 02
966069 07
2024000 3
41556 RDK
T1121125
1248881 A
1244137
2004770
947514 23
801019 01
J1059908 M
956139 R01
956108 R03
F0002700V01
P2017092C25
GF8684A
1268975
1227668 E
2016414
2040905
2034141 2
2041087
851976 B
P964966 11
1101730EP4
40305 RDK7
2009918 2
2059117
2014681
948923 2
1269132
991650 5
1101944 FS5
GF6009 2
93795 MX3
2009306 2
1263694
990760 5
2023893 1
2023A330V01
1238899 I
GF3837 1
1237018 MX
GF3833
939219
1205092
965081
2034016 1
768783
42268 SS14
1261761
2085097
956442
974847 1
F0002649V01
2056663 2
GF539463 3
2063420
P678284 03
F0001915V01
93812 MX2
956399 R03
2050639 13
966033 02
787733 87
908203 7
993795 1
2040510
766316 8
854171 9
974383 6
989055
P965603 04
2090555
1283042 H
92345 MX
927401
792041 4
F0005167V01
1258585
GF6144A2
2088381 2
855318 C269
2025577 1
1295245 F1
F0003812V01
989077 2
995240 1
P973136 1P
975112 3
938598
86594 MX14
2024149 2
678125 2
P680552
854893 1
2047453
20630109
2078623 3
40853 RDK
2047725 1
1180997
2040625 1
1274598
2010079 7
F0005989V01
845810 3
GF1099641
876576 04
GF6825 5
1227641 A
973747
F0001868V01
2034171
909394 19
1263741
90167 MX
2023040
744906 02
900250 13
965784 10
1285295 F
2085110
774593 02
GF972072 2
965462
826660
92093 MX
973742
1199993 B
833231 B
F0001733V01
36916 RDK2
1261418 G
833952 2A
GF4519B
2016292
1244030
F0003121V01
87440 MX1
1144624 B5
964832 02A
855062 2
GF4019A3
993422 1
965735
35108 RDK7
F0001610V01
2023A313V01
42090MZ23
2033684 2
2025506
2042055 02
1243631 U
41180 RDK
965714 06
P994031 38
1263572
2017555 8
41367 RDK1
882390 59
2045199
862882 1
P2049167 3
GF4522A
2050740 2
2056917
993846 7
B2085035
2010443 1
884226 10
882573 06
1189260 A
88332 MX 2
941388 2
972198 10
2017991 50
92026 MX
965700 07
883886 04
2088450
2004801
730578 17
2033997 2
2008731 2
1185793
939073 1
F0004068V01
2010396
854893
954123
2034024
1123147 A
1205866
560395 10
964953 08
2025169
810260
2047363
2025504
GF3068A1
2088491
F0003886V01
20630126 B
2051533
GF8873A1
2034297 2
F0000485V01
2045934
F0000147V01
P973441 11P
2063575 4
P966075 08
2024384 1
2058892
GF6164 2
2068500
2017115 1
2043338
993406
1258961
92760 MX
1237027 MX
1197573
GF4523B1
1149945
853208 6
1237011 MX
855318 59R1
GF4085A2
2063435 2
1285483PR
845905 2
21082026IN3
695907 42
GF6060A2
F0004396V01
936612 99
GF7962A1
92928 MX
2024582 1
1263704
2063327
10062026QA7
2033029 1
93033 MX
688223 10
1277615 D
801137 01
2032914 2
2026018 3
2008582
1268915
744905 02
P2049987 1
815461
833808 2
994480
GF4014
P964962 06
1207362
TEST 004
909278 08
GF727758 B
945750 6
833123 1
1218232MX1
2057094
854398 2
994348 1
2048413 1
2016380
1231422
2034134
P964915 10
854648 1
990123
P678394 03
P667134 A
1082584MX1
031220257SK
899402 02
2023095
GF1015053
1262131
833844 10
40990 RDK2
20630108
965968
1261249 C
992633
2040052 A
2033853 2
1082449 P
559966 02
2040510 1
684919 5
884602 3
GF5136 3
2057091 1
0110202528G
P964589 11
J801052 04
825722
38950 RDK
1244684
GF4439A
1206970
GF801055 15
2040092
2063583 4
846332
2016468
F0000429V01
2049268
2025774
877745 06
J959113 01
2015032 1
2049042
2058963
GF885166
974387 9
939746
2057406
1222393
936612 59
2063499
833811 1
P917083 E
F0004307V01
2045731
768773 1
2040399 1
952362 1
P762588 20
2010178 2
1206685
F0000135V01
811876
1222341
1248746 E
609551 13
993255
2088376 2
93832 MX11
2015124
1263702
2033722 5
973193
1045568 D
995266 1
1258758
947444 04
2025166 5
F0001571V01
1212410 A
2063567 4
2015895
J882425 03
2056591
2015251
947766 07
GF724718
991864 3
993618
40824 RDK6
1265179 A
1211695
2048711
968288 10
948810 1
965906 17
2033711 2
178914
2040656 3
1295304
2045184
1258145 E
688795 36
909374 20
1295019 D
P964312 2C
1268608
2058848 1
2017627 5
GF1140089
939071 1
995251 1
992948 1
2050722 21
J883869 03
20630215 1
14082026G4T
1273602
936729 4
2033738 3
GF7968 1
2601202613O
P899422 18
GF4098 2
1197793A
899632 18
833335 5
J81203 MX26
PST108574
994089
885942 8
909374 14
2008302 2
1161399 A
140820260RJ
2048088
2045952
F0001383V01
P852455
GF4200 2
2024549 1
2071542 4
2039007 100
761558 10
1285060 I
1181207 NP
F0006186V01
2009141 1
P966145 01
947175 14
2048203 2
990136
2008746 1
974717
GF1184747 C
F0002683V01
884939 1
1222344
965930 01
2058989 1
2085092
123456 MB53
1260294
GF6191 2A
2030113
801138 01
1252783 ECN
882194 02
1160103 C
2045057
810232
P964970 04
93709 MX7
P964956 07
990164
2009222 1
993409
92700 MX
2018097
2048210
2006593
994099
130420260Y7
F7
43068 SS7
2033224 3
1224848
940582
833156
1262135
833169
714282 03
774510 35
965888
975115 1
1218119RK7
2023079
2026022 1
GF8917
P761608
F0004364V01
2043100 1
2035785
T1106012026
2010329 2
F0001098V01
1231429
2008429
2009067 1
GF4343 3
82917 MX
P863014 15
863092 05
2023083
1041824 FS2
1129787MX13
20630224
2019759
1053296
855311 B256
F999901
P965020 01
2010496 1
P1122 N18LD
870046 18
1285058 U
GF885105
41128 RDK1
2008763 2
2023981
P964909 01
801135 01
966153 17
2015585
973699
936612 35
2048646
GF3991A5
F0000112V01
2025635 2
1082735RK5
942127 1
2008371 2
GF6055A1
1252801 KCN
994247 1
P852098
1263571
2010093
994233
2047136 1
2017594 1
14012026N0H
1247508 Q
92070 MX
1184483
1263690
1290165 A
826524 04
J1247558
942733 13E
2017114 1
P675300 47C
F0002228V01
J454256 B
2024195
2078555
882496 01
GF6765A
P853384 4
2061452
2047710 2
730686 6
1129999MX5
F1000004V01
839814 2
2014622
768893 6
2014781
2023753 2
854490 3
768893 2
2017412
2063442
2048185 1
2034180
855318 59R2
2023A307V09
2040843
826538
1227745 A
1213622CD1
833571 1
2009258
880278 17
1261578 C
2029085 1
1218171MX10
93482 MX1
936612 60
1285223 F
1263597
966052 17
1101683PS10
853702 9
994342 1
TEST 04
2045384 1
17102025O82
909306 28
F0029665V01
43089 SS23
766886 1
880246 19
2009184 1
2048253 1
GF4141
1231473 A
899553 07
810281
909415 63
1272059 I
645341 1
992992
P71871 X
1110794 B
211020251W0
2048327 1
800278 02
2056611
833564 1
2040091
P965383 08
1101892 FS2
2057054 1
2041125
1237137 A
2033200 3
954089
2009221 1
945622 2
1258794
F0000402V01
810231
1258853
P2921T
1247001
2049752 3
833933 2B
1206934
2040213
695014 24
1290136 HZC
885838 1
811875
2078732
2021033
2040342
966128 08
P1199563 C
2040611 2
1045563 K
2024730
2011227
2043038 6
GF8661A1
40698 RDK8
F1000038V01
92891 MX
GF5732 2
965901 13
F0000401V01
1197680
2033438
2040053 D
J1181128 E
2010111
2033829 2
994599
123456 00
27032026YY6
2017914
954126
2024275 1
1185065
854982 1
1230245 P
2023039
F0001581V01
940580 4
2057331 1
F0002474V01
810205
1263807
684861 2
2063431
P965599 06
956235 R02
P0000775V01
1106228
2033954
GF3925 2
2016389
2024206
2030119
2032611 1
1268981
943150 2A
J1157833 J
2015067
2029697
2009622 1
854281 3
GF8602 1
F0000400V01
2008993 2
2047757
2040778 4
993812 1
P973979 1
GF6686 1
GF4504B
826372
GF8927A1
2042041 01
P810105 1SU
2078606 1
P968222 02
1084487 I
F0000489V01
GF8816A1
2040684 2
GF885127
827527 78
GF8824B1
F0000514V01
972283 10
GF882825 02
30673 KLS 7
2033687 2
2042168 01
966000 1
876541 10
967209 27
2009022
993785
2026025 3
P1161142 F
948928 2
2029079 1
2040683 1
2033999 2
940684 18
2017457
1129609RK16
685808 9
909484 6
1263806
2033837 1
2051687 22
P965678 24
2058970 1
J1247634
2040541
965347 02
P761527 H28
J1247583
P71871 D
826529 01
744886 01
P886205
J882487 08
20630124 B
2033851 1
2063466
1244010
2008741 1
GF725328
1231481
2057194
744884 01
GF885140
993649
1710202584Y
936612 30
P964227 21B
947983 01
2050701 9
1267815
2007492 3
994500 1
1101771PT4
F0001734V01
2025322
1119737 E
965904 11
2010477 2
2040337
2045327
F0006189V01
965105
94053 MX7
2063570 4
2056615
1224986 GCN
1238505 C
855292 B235
1263835
P666800K2
2008764 2
F0005483V01
678090 2
1003898 F
2040679 1
975338
2040682 2
94236 MX2
883567 01
909551 01
885961 33
1039893
GF1054805 A
2010332 1
2004854 02
92980 MX
1241630
GF8428
2078566
2042055 20
1195569 C
917191
1268953
1252787 BCN
973978 6
GF3554 A2
844873 2
2009958
861664 10
2056756
829711
993425
1251677HZB
826675
TESTTEST123
885988 4
2045279 7
2050752 15
994143 6
P2034312SA1
2019556 1
964375 1E
GF6649 1
800235 01
1202855 B
P71871 LD
993108
IFRA 008
94229 MX5
787475 9A
2063421
GF1157887
P993980
855292 34R2
F0000947V01
41471 RDK2
2047719 02
J1015440 A
609677 06
F0000812V01
1400505RK6
1197678
B2085096
2040825
815777
966140 23
991978 4
F1000009V01
2007908 1
2015790
2039173 07
93857 MX5
41624 RDK
GF725608
2024372
02032026E8U
2033161 1
P53727 SF1
P967501 1
2056608
977115 1
815793
1295217
730701 05
J1157972
2090563 1
854181 6
2040098
967103 10
1082544 RK2
F0000689V01
92703 MX
41045 RDK
J1157666
GF4221A4
826906 9
660242 61
GF4468A
GF4862A1
2043042 6
2006741 2
2047749
2040573 2
2049024
02072026IV6
93049 MX
826496
92726 MX
2023A372V01
2024666
F0000501V01
1183528
1282032
2043330 1
833728 4
41662 RDK
F0005008V01
F0000539V01
2078609 3
947278 09
2025318 7
904621 04
2009101
917186 26
1258737
J1099585 A
2016150
1239560 B
93038 MX
2040748
1213598CD1
2015105
GF727767 A
2049057
990169
965976
2048787 2
2042178 02
2045992
1211697
P863384 01
939214
1041788EP1
965676 08
F0000788V01
F0000392V01
1184554 C
993767
GF8473 1
973983 4
997742 2
1275567 B
GF8743A1
801198 02
1220495 A
1243648 A2
P556543 2
939258
2048414 1
1159755 A
844318 4
2045223
2014592
810268
GF1161923A1
2056928 1
F0005580V01
2063150 3
P678995 48
1185105
94200 MX
966109
956416 R02
F0000706V01
815776
1156067
2020664
2009353
GF727750 B
2085072
936612 83
J882950
P2017091 A2
94226 MX3
1268998
2040012 01
20630135 B
2016291
886239 2
2056613
1258850
2009083
1238725
41167 RDK5
1242195 A
93865 MX11
2078590
J1059705 B
P79206T
P559772 BS
815926
1185103
2020548 1
39005 RDK6
990160
P852518
689236 14
1129607RK6
2008852
P667437 83
869591 41
560547 02
2043227
2009776 1
P2018103 25
MWDOSTEST
952365 1
899374 05
B2085105
865801
2016072
41003 RDK7
965255 3
2040572 A2
2032517 2
2078594 1
909573 17
2048314
1193358 A
2008065 1
2026029 3
683939 98
F0000554V01
1402018 H
938601
2009886
880116 18
J1059948 C
949564 1
867074 02
965747
1222417
GF6765C
810265
1244065
P810078 W1
842169 1
1161382
949546 1
2045571 3
1221408 KCN
1205656
2040764
F0001071V01
956483 1
2076524
P886799
738134 17
882994 02
2034324
94227 MX2
965653 02
GF8941A1
2010414
1144842 D
863398 45
833154
F0000783V01
251120256OT
1260060
2033166 1
1261759 A
GF885185
917165 4
1187203
815797
P964907 10
P669850 EG8
846242 1
1295279
18092025VO3
F0001345V01
37626 RDK
F0001897V01
826684
1231294
1263841
1122465
F0001553V01
2032627 4
994444 1
1268679
2004698
2040572
870042 13
1274980H1
2024178 1
946060 1
P965934 04
2063078
2040076
2045421 3
2108202635Z
40418 RDK9
2024815
965753 33
965980
2078529
956098 R04
2040517 1
945749 1
P966069 07
815981
2059141
F0001240V01
P827569 E1
2043268 6
1252695 DCN
GF7186
2008630 2
810325 11
2001309
994292
992761 1
P559778 BS
2051563
2016892 2
P2010350 A2
1268720 B
1238808 C
854314 4
885728
F0003576V01
F0030370V01
1231464 A
993726
41575 RDK
92704 MX
2045901
2045437 1
882244 03
994492
GF885124 1
876477 06
855302 59R1
938449
904239
GF8823B1
1244677 D
2050698 11
862593 2
991861 3
2008677
2015126
2024398 1
768893 3
F0000457V01
1245644
993493
685872 2
GF6194 2
854317 5
974723
974817
92983 MX
833094 10
975168
965711 2
693261 24
2024829
2040237
F0000538V01
J882246 01
854882 1
966175
1206894
39013 RDK
1231428
2041034 3
GF725821
GF3784 2
2040209
899653 10
2017337
2042189 02
GF6671 5
2078585 1
792647
2048126 1
2058952
2047966 1
2063439
87858 MX
1238563 A
P685023 101
1258581
2034137
2088497
P943000 1
1031268 H1
1212306
951547 2
F0001534V01
F0004852V01
J724289 02
P0000762V01
876641 6
1101866EP4
GF4516A
1268678
1106015
855292 36R1
936334 03
560589 01
683939 86
1227611 J
GF885197
2040171 1
F0006190V01
994098
947838 06
PP75331 48B
GF8630A1
994309
815943
10062026QU7
994475 1
F0001569V01
P965380 04
810208
833764 1
2009270 1
2033471 1
2017318
867072 04
2039098 01
1129610RK2
PBMT80395
2088429 1
2047975 1
855311 C248
965199 2
2048122 2
2010204 1
1243807 A
724921
2017568 8
2010411
1205512
1206942
2039030 59
2047700 1
GF1157930
2088592
1206693
2085026
GF4118 4
965669 3
2023686
885907 6
2017579 8
863541 153
P678394 85
1166726 A
P936401 6
965724 1
2034029 3
F0002246V01
993473
965483
2051524
949155 1
F0002180V01
2023998 2
815922
1258754
964329 04
2049529
F0006175V01
P965813 06
1285312 F
2002377
GF4406A1
1268676
F0001615V01
P 561988
2088589
1231461 A
940533 7
936612 102
94230 MX7
2024745
1188126
938283
F0001526V01
2043195
851479
603923 36
F0001686V01
2063571 4
2050690 21
2008854
P688996 28
975347 1
2047487
1082618RK8
J1247551
1401005MX9
966213
GF6370 3
965907 15
2045092
2049756 2
832685
951620 2
93732 MX12
2071829
800050 16
2088829
F0029010V01
GF883182
94061 MX9
P559770 SD
GF5424B
810270
1244009
2090550
2050788 1
804906 4
GF4220 5
91872 MX4
86092 PUR
1286170
MOD 0011
2033922 1
560510 03
F0004201V01
J1181337 E
GF8549
2040512 1
PP75331 85C
2043015
2023918
826038
1258839
2017192 2
900281 3
2014785 2
GF4208 5
975113 3
917108 7
2048383
P677578 85
744901 03
93774 MX12
2042144 01
995250 1
2008756 2
P2049006 3B
P965602 05
2058951
844552 2
2088419
2043322
2040956
1268681
2024056 1
08092025L7N
2058555
683256 4
810128
2088386 2
2043050 2
2024021
1258718
1112017
2088637
899661 06
P2047023 12
2017371 3
2042061 01
2009246
2047656
2004860
854362 1
2042119 06
2017946 11
2045803
P853354 WH
1285008 P
853751 3EU
1263767
GF5005 2
GF8715A1
990149
1262133
2040949 2
2032540 2
833838 1
768883 3
40971 RDK9
994482
2088469 3
41596 RDK
93863 MX8
2009068 2
2040593
882135 3
990141
2040797 1
GF903018
965693 10
827528 37
846232 2
J1157874 A
1221445 CCN
994189 1
140820262E9
1295079 E
2045572 2
992236 2
2038007
F0001374V01
90174 MX
GF885167
BB2025553 5
F0002175V01
2040184
947891 01
93020 MX
GF4132 1
2047789
1282051 A
1238809 A1
12112025H3S
F0029961V01
F0001107V01
J725657 06
2010175
2056585
F0001283V01
F0002697V01
2009906
F0029369V01
2032677 2
2023447 96
941256 6
P689086 19
2071003 5
2041011
885917 04
974824
2024364
730694 34
P899324 04
1177510 C
2017731 2
92856 MX
993829 1
810276
F1000014V01
2023018
2040687 1
965710 1
2063086
2004766 1
2017642 1
2015055
100620269J3
GF4087
2056853 1
2016250
P965893 04
992005 1
2008366 1
GF3826 3
2015816
846205 5
2057275
212121
2085114
2056835
926955 10
1082676MX17
845822 3
940550 17
1261727
GF7091 1
92987 MX
2110251IW2F
948817 1
P965693 09
1082570MX6
851955 B
1285452 A
720970 1
2033927 1
2023919
942733 13A
738190 05
2024550
2008226 1
2048135 1
J1099583 A
GF727756 A
93860 MX5
855262 4
2085077
1244026
F0004406V01
877861 12
GF4948A1
927166 3
92186 MX
1244033
1231283
1295034 F
1100289
2045928
20630371 10
995265 1
883571 01
1082587MX14
92098 MX
1247254
949401 1
1263917
1266092 12
1258095
2056588
965121
PPL52022 86
GF6084 2
952352 1
2029742 1
949793 1
994090
744904 03
965238
2033989
2033159 1
P965604 04
2035750 1
1248770 G
801016 04
1231417
975167
2004739
1248735 N
2045094 1
J882462 02
2088742 3
2025087 2
994398
GF4201 5
1231412
P678284 25
2034008 1
F0000476V01
2033163 2
2088483
GF8787A1
F0003871V01
1165784 C
952750
41667 RDK
903036 1
2035595
936612 06
833666 2
GF8536B2
973711
121120258Q8
882704 7
2025317 6
2033478 1
2010293 1
966012
2033195 3
1248745 B
2006924
2023836
T1301025
2071801 44
GF885113
2042174 01
714585 13
2043247 10
2047981 1
2026089
94215 MX
965417
2071688 1
833237 B
1295280
P1255006
815951
1285460
92671 MX
2605202604T
1129972RK6
2009097
685861 19
GF8548
2033712 2
2024757
2014823
2029737 1
2040077
1041795 FS4
2040520
GF3992 2
973754
1242370
2047740 01
P1187203 S
678121 2
J1140461 A
2071629 8
2017920 3
2016422
688998 22
939601
P965683 08
1127499
GF4203 6
J1247508 S
1227618 C
34914 RDK
2015894
2040177
2026145 1
2004911
994446 1
966100 1
2004375
2023982
2090632
GF6749 3
2008913
2017919
P886207
2063587 4
GF4435A
1231487
903066 01
2014933
683914 1
2088384 2
F0001524V01
1285132 J1
2026149 1
974163 12
2047782
810236
674219 6
2009113
2040062
2042042 02
P685908 40O
92034 MX
854847 2
2078731
2058742
845660 2
P1217310 F
853753 3
2056933 1
2057037
P965607 04
GF903541
954238
927696 6
GF1161298
939608
1285494
GF725127
2057301
993780
GF885145
2024266
F0001791V01
P852770
1258813
2008574 4
42611 SS16
GF4193 10
994167
1251725 A
965974
993813 1
965125
966076 15
2016464
815361 01
1185443
1243631 M
39338 RDK
2010498 1
2009669 1
2608202678X
992985
1238996 C
F0029720V01
844321 5
936612 33
2015581
2010790
1274596
2040078
1239862 C
826906 13
P79572T
41639 RDK
41580 RDK7
P677578 98
1292100 Q
993325
1177156 A
853702 6
944127
974011 4
2024805
2021630 15
437047 U
2024279 1
GF4524B1
689193 12
1183532
2009139 2
938608
844525 3
1285604
F0003688V01
2015897 1
945753 3
2058908
1239949 E1
1232042 A
2020310
956401 R02
2078574
1231270
804752 2
1244043
1258797
F0000617V01
1285279 U
GF5925A3
P936255 05
2010252 5
994346 1
2015656
603506 6
20630225 2
40254 RDK
2047784
GF5955 3
2017408
702482 25B
GF6070 3
1263719
1269005
2015805
2085018
J1181011 A
2024313 3
2024017 1
F0003857V01
2019514 2
2085047
2050840 5
853361 6
2001186
952354 1
B2085085
2032711
2058923
592050 08
F0001892V01
846328
1261639HZC
1260563EP1
2040899
GF1157594
P943827
2040511
919034
880302 21
P965757 06
949624 1
946062 1
2016228
14012026RJ1
2016253
975658 3
966049 16
2023243
08062026N8D
1041746PS12
2063652
2017178 1
2045898
GF2681A2
P936798 4
F0001864V01
855421 5
1238728 A
F0001731V01
1295319
2015412
939274
768792
685531 15
P965815 06
92862 MX
2023255
2017343
853472 7
F0002693V01
2002498 1
854493 3
2034000 1
826545
2033164 3
945775 1
P936256 02
43198 MZ4
2034338 1
270320267K5
F0000411V01
2085059
2063735
2010419 2
GF8550
846163
1262151 A
GF1157604
93849 MX5
2056812
854556 1
J725926 3
2009880
P804499 6
1295312
2078511 16
2047313
908689 1
P2017092R86
737325 2
2023121
2017620 15
2033153 3
936612 51
689244 02
2058553
2078706 1
2014585
1151207 Y
637574 31
876482 18
J885897 5
2063692
2048118 2
2083016
2009398 2
P711022 86D
2002388 1
956076 R03
2010305
833516
827504 6
P967597 18E
1218297MX2
28052026X0V
2048332 1
1263766
41610 RDK
2085029
992945 1
2010285 1
1258778
2063013 2
2009152 2
927692 8
2033194 3
F0001557V01
927707 7
949728 2
GF1110750
801046 05
PPT79738 48
2011131 10
1244014
2040111
2045539
160420269IW
P919032 H4
2001314
993734
F0005005V01
1230028 G
1184743 L
2009863
2009050
2047968 1
887214 1
2004561 01
P79507T
F0000423V01
855302 C369
1243822 L
2014586
2024741
2026054
1178932 A
1041805 FS1
1268670 F
804404 12
2010161
936612 74
882976 22
974933
907676 7
F0005166V01
2040373 1
2024184
744679 05
1221443 ECN
GF885111
2078633 1
2045411 4
F0002157V01
93806 MX1
2015582
2078569
J882073 03
93895 MX
786782 4
1236648 A2A
2010317 1
993819 1
854267 3
85237 MX5
855369 85E
P943830
J1247692
2071513 1
F0001397V01
GF8694
995359 3
J1181186
2048712
695875 22
20630120
2010215 1
1238811HZ
2021030
081220250N4
P854914 1A
1273651
P682988
815834
2088523
2004245 1
787009 01
GF6373
852998 7
F0004153V01
F0005006V01
2048005
899275 04
939655
689073 14
855318 C259
92227 MX
685500 11
1197897
GF3795A2
1223446 A
P852720
1197987
J725960 18
GF4012 9
J885904 7
2002478 1
GF6750 3
93793 MX7
41158 RDK9
41041 RDK7
2057274
989502
P852035
904602 03
993280 1
2063007 1
2040103
993692
GF3785
FTEST01
1108514
816133 01
833932 3B
1153022
2078701 01
2058618
2004527
GF1099931
2034357
2025181 1
846401 16
2008303 2
F0005500V01
846331
178914 U
GF2440 A1
93769 MX10
2009151 2
954209
300320265JO
993352
1231418
2015239 1
2045433
684994 2
2010069 7
2045145 1
2040863
2034222
F0001881V01
993283 1
F0001508V01
1245634
965608 03
965234
2048421 1
2073000 78
1079065 A
939217
1258867
826530 01
887666 2
P973442 4P
P803262 21
886237 3
GF4437A
1220021
93953 MX4
2040548 A
899330 44
1101859 FS3
949561 1
2010421 2
1218458RK6
2017360 11
1304202603D
2023984 1
903702
2024164 1
P559770 S
786904 4
1251644 A1
1265071 G
2040666
2042132 07
2063513 1
2041079 1
1261785
GF3951 4
2050063
1045685 A
2016033
P679892
91632 MX4
P681347 2
P994340 20
2010116 1
2036795
1258000 F
2051638 14
2088430 1
43090 SS3
P676143 47
2015981 2
BB938505
938605
2048120 2
853358 9
2040511 1
909273 05
2090517 1
93813 MX5
1236646 A
2033155 2
2063653
1218427PL2
2040627
1263825
1311202519P
2009086
GF6011
2024189
940581 1
2056538
2017992 50
2040515
2040365
93418 MX
J904622 01
2008371 1
2024286 1
972183 1
2026570 15A
42325 MZ18
F0000121V01
2040621
997741 1
2008669
2034015 1
F0001703V01
2008701 2
P675721 48B
1220436
GF1140309
GF8608A1
440774 K
965956
F0003691V01
92702 MX
1101819 FS6
2016152
P761576 A24
2040058
974823
85227 MX5
833238 B
P965700 07
952571
1227639 F
1193367
956498 R01
P682985
F0000936V01
954087
GF2421 A2
1253391
1285730 D
1260524
970042 05
GF8468A2
1211687
947750 07
P678396 25
936612 32
P2935M
1193719
P965698 18
F0005002V01
1310202589E
GF5648 2
GF6485 1A
2078632 1
902440 6
2024793
2040350
P992970 2
2011207
GF4077 2
GF4096 1
2041015
1234064
854559 1
674056 26B
2047958 1
2014685
1031402 LR1
080920251K9
1041717 FS4
2040559
948270 4
2045085
2009983
870037 14
882491 03
678124 2
1193734
883096 01
2085111
P761757 02
GF4001
41604 RDK
2026092
1197822A
2018047 16
2051534
2059124
1263203
2015633
2015106
2024387 1
2078681 01
GF6452 2A
2025079 1
762168 9
2023418
GF5427B
833121
2033485 2
2032712 1
GF8961A1
2024430
2026062 3
845733 2
1262064 A
972180
965021 01
2010908
2090541 1
F0002561V01
2085042
2010318 1
855254 269
2006560
2010321
885941 5
GF4431A
F0029163V01
853474 4
GF8797A1
P899686 87L
P994373 21
P968044 55
609870 18
846252 10
956474 R08
946064 1
993106
965690 10
2048328 1
1262068
2085046
1237033 MX
2004904
939267
GF8880A1
1258730
995947 1
2015447 2
2006667 1
689214 43
22082025E9P
2024578 1
833701 4
1082661RK14
P678396 A
2040031
2002228
P2403T
927160 3
F0001024V01
949831
2071763 8
1238538 A3
F0005499V01
994476 1
947354 05
P2047334 21
GF8739A1
902306 6
P71260
2040965
1205188
92745 MX
P994314 24
854268 3
2051525
2024450 1
GF1136 1A
P676499 35B
877744 12
2040796 3
826505 01
37630 RDK
811900
40983 RDK7
2047701 5
965688 13
P936054 W07
T02102025
992198 2
1258774
GF5025 1
2015112
1118989 C
1082790PR7
2051670 2
2063037 1
1245770
2014600
TEST0001
GF1031375
2004008 1
1222355
2088399
2040033
J904615 02
2025643
F0000789V01
689079 34
2010810 20
2033398 2
1258782
2008710 2
2088724 2
1106229 A
938619
845816 3
P2039043 04
F0001951V01
2051514 6
2009708 1
974348 8
GF883524
2033635 1
P680179 W3
2039002 10
965810 07
J727626 10
2058853
1231425
P965279 04
BB202555328
2059125
1125457
885597 7
180920259TN
GF8628A1
1269396 I
768888 11
2014557
776008 1
2024381 1
92911 MX
2063465
862885 1
39472 RDK4
853705 9
GF4128
2058666
09122025MJ9
2009875
J539500
902438 6
F0030035V01
2063699
2071548
P2009471 A2
2032531 2
93789 MX3
2009336
1234 PH
903036 02
993285 1
1041781EP5
800277 02
2008919 1
P541182
2016184
GF1140023
993741
965724 2
2004598
P726144 A
P965390 04
P698301 43
936612 57
1285424 L
2008766 2
1283259 G
1310202592B
702476 80
41601 RDK
2017293 2
1197789A
2024003 4
GF4104 6
965602 05
2063732
966086 03
P965600 06
16032026RZ3
1244052
2025257 3
GF5419D
993663
1266046 02
993657
801177 02
2049215 1
41476 RDK9
1189259 A
936612 103
2034131 2
2040726
863372 40
2024163 1
2023080
851977 B
882220 06
877914 05
1082617RK14
1205597 A
F0002687V01
P965811 07
2024114 1
2002385
J725973
2023252
2040196
2008898
P965678 21
PP75331 47C
965973
1101906 FS2
2009673 6
1261064 B
1285425 C
18092025N4L
1258807
972263 2
93870 MX6
2041051
2016277
2040552
965966
2040934 1
2045196
GF3927A1
92103 MX
P827563 1
965007 04
GF6451 2A
GF1067710
2032525 2
993507
1206343
P967456 62
2017560 4
851979 B
965621 08
993253
965385 11
J1208186 D
GF8565A2
1295110 C
1273669
2056625
1251779 HZB
2045412 5
833417
P675721 83B
560412 04
885807 2
T208252025
833652 1
1041797 FS1
2023927
967161 17
2016416
P967545 16
J1059672 B
2045636 1
2045583 2
P669493
839804 2
2045558 1
825354 2
2042137 03
2010208 1
GF5027 2
966013
2009693 1
908292 42
2058593
P974965 1
1239958 B
1263182 C
2049847
1244566 D
93383 MX4
2040003 2
1222160
845235 3
2047309
800194 03
F0001894V01
5424252
2010094 7
GF727755 I
1253336 C
F0001303V01
2016467
1031381LR18
941516 4
GF4436A
0501202633U
846246 5
94225 MX6
1082761MX4
F0005553V01
2063645
P968086 79
885477 4
F0000960V01
2009706 1
826533
2011206 6
J882833 07
2017618 15
994083
852174 2
2017648 1
993830 1
P2008324SA7
F0006324V01
900247 13
853472 8
92722 MX
2023912 2
J882831 14
GF5984A4
2010956
1222342
875335 08
P2051610
800403 13
852524 3
702441 23
994249
2045056
2041054
2024673
2033885 3
792041 2
2049019 1
2017557 6
1059979 B
F0002179V01
936308 119
92934 MX
E2ENRMC2
936614 19
985736 2
F0006187V01
965957
T207052026
1202766 N
993475
994590
1233068 B
815954
T41025
2004175 16
854317 6
GF09020
2058959
2048433 1
994095
39990 RDK2
2002494 1
P968045 25
GF6927A1
2009096
2024019
93325 MX
1051335
1231287
GF1181081
2004909
GF4927A1
GF35119
965038 03
2023268
1067720 EO9
88014 MX
2040052
1285700
2015796
882802 07
2040634 1
41638 RDK
2034125 2
853405 11
171020254O3
1245736
1166560
92717 MX
1285419
992975
F0001030V01
2045837
P974768 16
B2085092
936614 42
936614 82
681326 9
2047923
903541 05
2007111 4
2008991 1
2017140 2
885868 10
2057127
2014613
94209 MX
2047297 07
1165424 C4
1282011 A1
854282 3
2048254 1
GF885178 1
GF6986 2
2056623
2045749
965796 02
965983 08
854275 3
1082643PR17
F0001882V01
2047649
1203808 U21
P964971 04
2040260
1101945EP1
2009665 1
948270 3
P993990 26
2036794
2088701 1
1247649
833812 1
826679
F0001393V01
IFRA 001
93765 MX2
948937 3
2040677 2
2032514 2
2007255 5
J1247604
F0002233V01
1269073 D
2009949
592047 70
GF1157526
2010341
2040667 4
974782
J883165
GF7215 1B
909384 06
P1219537H1
GF1170741 F
2088494
2058660
1268982
965969
2047944
994403
1245768
853481 3
2045785
1218147MX1
GF5697 6
2049828
2056720
863761 01
12345 MNA1
854653 1
882487 08
2009607
2047686 2
886430 1
993353 1
940555 8
2004579
2040126
853363 6
2047085 3
965227 3
2007014 3
2058851 1
2017853 4
1258846
846256 13
2039096 01
2015588
826916 11
2033984 1
1115447 A
2008867
1283040 G
885965 9
1268665 J
2040548
GF4124 2
2033152 3
P860580 3
990144
1187197
GF7166
882490 03
2017278 1
GF8579A1
02032026H07
2085080
1260171 B
92881 MX
2058594
1164916
939747
2047303 02
P0000738V01
41122 RDK6
GF4092 2
09122025XR0
P936189 W12
41194 RDK6
2056529
1195580 K
42311 SS2
665086 6
1165424A
965715 07
2010872 2
J1157682 A
GF7126 4
F0000542V01
2018024 1
1277504 ECN
2008782 1
2049366 1
P2007046
994491
2043244
2008678
489343 C
P678396 87
GF8633A1
2063330
P993384 4NP
2024555 1
1157576 C
994085
852448 4
2045218
P965650 04
GF4468C
1217017 E
949509 7
815271
P993926 9
2002343 1
P965032 02
1203991 A
2008785 2
2023554 1
1085071
862879 1
1261850 HZE
1243831
FCON111A
GF885177 2
2042067 20
939086 15
GF8919B1
1151289 IA
P682275
2047955 1
F0001398V01
956475 R03
GF4529B1
2015595
1231225
38559 RDK9
93958 MX3
GF6586 2
P965693 10
846235 2
993841 1
993792 1
973744
GF5863A
744786 01
93861 MX6
2015571
994102
P677578 35
GF4131
885946 14
2048726
2015445
F0001079V01
845815 2
1106230
F0004276V01
994355 1
2024748
2009330
994598
845811 3
P761576 G10
GF4114A2
2071729 3
202512319W
2056727
J724343 03
GF727753 A
810226
845465
T221102025
1261760 B
855254 259
J1015035 C
F0001923V01
40922 RDK
GF5049 3
2045222
2023843
2049217 1
P811984 A
2045719
40592 RDK6
2040453 7
954083
1067821 PT8
744774 08
42919SS17
2017292
826673
1213626CD2
J1099566 F
2008737 2
833260
853759 2
2040883
P2010190 5
29102025P77
2050537
GF6364 1
994354 1
2016271
1231478
18062026MV6
2050329
P861281R
2032730 1
965242
1207198 A
1101684PS12
2016466
2002387
2024734
92770 MX
877928 04
1217098 B
1262615
1262098
41453 RDK3
2056790
2024691
886436 1
725308 08
2058965
1282203
940574 7G
F0002225V01
2047942
J1001446 F9
J454268 C
2004962 03
2016190
883082 10
560166 09
2017990 51
965888 1
1026685
P630817 A
949508 7
031220257D3
2033442
40998 RDK6
2009720
P965684 12
GF4490A
F0001879V01
2085028
2045612 1
92947 MX
853346 2
GF8427
20220015V01
2009851 1
2088423 1
995247 1
F0000520V01
2085039
956112 R02
92893 MX
2048315
2024369 1
2023211
2010342
1252901 D
2034084 3
927708 3
684810 4
1236650 A1
2056698
2058940
1197788A
1290073
2009260
826361
2035672
787733 82
2063426
2047946 1
854361 2
2088784
2040221 1
833773 1
2032963 1
2057130
990130
938334
2047755
1269168
2023A344V01
903949 3
1253030 E
GF8593A2
994479 1
1181230 NP
936612 46
2056549
GF5427C
F001 OPDEV
93708 MX12
852174 4
1263561
F0006185V01
2078592
1263577
GF8878A1
P853354 B
2058935
1263916
2045766 1
965915 09
853537 3
91759 MX
2045668
GF4468B
2045088 1
GF885194
973750
2063117 10
1260452 C
990157
1222346
766407 2
855302 C235
F0001916V01
1261767 A
2088462
1101921EP1
2010003
909079 05
990686 5
1274996M4
939251
2010374
1101912 FS4
2009122
2010362 2
1400581PR12
1295142 B
260520262E9
2048108 4
F0004205V01
827565 10
2047841
1291103H18
2006744 2
GF4522B
852311 4
P852769
2040858 7
994507
1285280 A
GF1149724
2040972 4
1227539 U
964350 02
1153108
2078683 01
20630125 B
2016339
939235
972174
645794 2
20630128 B
2024693
P829057
1193720
917194 20B
12062026BK0
954208 4
F0000649V01
685501 63
2045271
2017852 3
2008984 2
2051530 4
702495 21
1238755
2014485
845821 2
956358 R02
845414 6
F0022200V01
F0002690V01
2040661 5
909322 05
702485 61
833124 1
995249 1
25062026O5O
1236644 A
815925 02
1205452
2047387 4
1067978EP19
2032541 2
1290166 A1
P909338 06
J727631 06
P965606 03A
2006571 4
2021616 8
41200 RDK4
965817 05
BB926772 5
1401202640E
2024283 2
J882629 02
992968 1
2040145
2043316
GF3756A6
060120266J9
1183533 Y
2047023 38
2015722
2008307 2
2036790
1244068
F0001938V01
40910 RDK
F0000129V01
800509 08
645829RK10
1266073 08
41616 RDK
1274595H
F0000604V01
F0004279V01
1152841 F
886432 1
GF3797 3
2045304
994259
2008369 1
GF1157809
2056564
1295296
1295123
2073000 33
P804999 3
2009878 1
93848 MX5
2017118 3
GF81772
2040787 1
833584 A
1219384 B
2040029
853479 3
P2078510 02
685485 13
786203 1
2014919 1
2015449 1
2034086 2
P965585 01
2014008
P965713 07B
2009081
2045340
2024658
2007114 5
2040416
F0006328V01
994606 1
993831 2
724398 03
853475 4
2063509 3
826659
2040711 3
91932 MX
1206627
29102025E0G
2047963 1
1245772
2015810
1285010 D
GF903351
949566 1
2056752
41077 RDK6
855254 C269
1178097
965388 18
975337
GF6985 1
967664 44
1408202680Q
1127497
GF8793A1
994458 2
1258843
815940
994322 1
2026142 1
768790
993648
2017891 4
080920259QH
42704 SS3
2008866
J88281PUR15
1082585MX26
J1247805 A
1082793RK13
P2007911
J1157643
1227735 G
2006570 1
2045650 1
965902 16
2015978
89608 MX2
2063412 3
986239 1
792652
1125480
F0001505V01
2024077 1
2056601
F0000540V01
1119497 B
815946
GF4459A
F0003187V01
2015114
1197575
947924 01
1260547CS1
2050185
1153033
2056715
966176
1263683
936612 78
2073012 20
P676143 25
1218239MX2
1222340
854393 2
PP75331 03C
GF885157
93741 MX5
798800 10
2016425
GF3851 3
853539 5
2033392 1
852459 5
854602 7
899285 20
1285728 F
1213565SS4
1217017 C
956161 R01
990205
1260211
2033756 1
GF1123407
1266061 02
2017910
P968020 230
120620260O3
92923 MX
PP827537 1A
2017595 1
1281016
944795 1
93859 MX4
42279 SA8
995254 1
2048312
664953 8
GF4502G
P676499 86B
994439 1
2033791
2024285 1
F0001928V01
1237020 MX
GF5029
GF4509D
2045760
1265161 D
2040129
J1181408 A
917138 4
1244649 B
845144 2
1041828EP4
2045847
1245507
560196 06
P907272 A
833900 1
41542 RDK
863706 51
852040 4
F0005988V01
38852 RDK
1274597
1258608
804581 11
2045648
854174 9
F0003195V01
993483
2024112 2
852463 4
1211679
1234033
2048326 1
1295050 E
1082686RK12
1218385MX7
2060672 3
880296 21
41602 RDK
909460 6
724938
2026164 1
2088525
2024728
17122025BH4
93015 MX
2040411 1
GF4074A2
940161 19A
GF5418C
2010446 1
GF8022 1
855318 69R2
2023A315V01
2047959 1
992219 1
2085096
2024212
92902 MX
GF1181011
664970 11
956073 R02
965663 2
P964255 08B
2038008
2045754 1
952347 1
974910
2007913 1
853700 8
41181 RDK8
2004051 1
2017799 3
1262127
990036 1
1269143
1101533FS11
938613
1238782HZ5
2085050
2045767
956485 R01
1277501 BCN
966039 14
851016 01
P612243 CA
2050764 17
1172061 D
2023A327V01
2023A305V01
974941
2042083 01
1218493MX4
949446 7
PPDM80401 3
2034057 2
2017849 1
F0000106V01
685026 79
2048331 1
844475 6
GF885133
2088591
1185057
994377 12
2015235 1
947425 03
965348 01
02032026IW5
F0000433V01
GF882830
1200371
993496
1251733 A
171220255PJ
886314 2
2023268 1
1067691PT30
965799 12
2088648 2
938330
2024396 1
26012026P99
GF8532A1
F0029792V01
1261817 HZ
2063577 4
941507 6
2010322
2034397 1
92954 MX
833242
GF8896A1
689161 06NP
994154 13
GF4211 5
11122025V82
20220014V01
2040073 B3
1216009
2013829
2015724
974009 4
1258017 A
1285306 I
2088723 2
F0004316V01
2040371 2
F0000681V01
2004240 5
2011024 12
1237322 D21
744899 08
41201 RDK4
P852701 2US
2010698 20
2056598
GF727761 A
966156
2047369 7
885803 2
P885056 2O
539567 2
645400 4
954140
P666559
956098 R02
1265098 J
833149 A
TEST034
936612 67
877750 06
GF8740B1
809959 4
1206876
F0000571V01
GF882867
2021028
J88281PUR13
P1227515 G
2016058
851980 B
GF885110
674218 6
F0000521V01
GF4104 7
2006730 4
853479 4
684913 5
2010032
882107 01
2009253
2026107 3
1231282
1199753 C
2015444
85775 PUR 1
P668710 B
2045343 33
P2047113 7
43225CD7
949431
2010174
1195364 A
993100
2088389 2
2009173 2
90161 MX
2023900 3
GF1909 2
2010276 1
2049266
945010
1258781
GF4091
989867 2
2040773
1273648
1159759 U
2088640 2
826652
92346 MX
F0001559V01
2032728 4
2047779
2002454 1
13042026M1O
P965691 14
2039072 36
965670 2
2023091
852526 4
972226
973983 5
F0005548V01
38257 RDK
684426 4
GF6668 4
P2006519 1
011020251QG
665752 6
2040245
826506 01
2042108 02
2060665 2
2058977 1
1244063
2059112 1
1263811
2056546
1082112 A
885948
822202 84C
2017264
2015592
ESAFETY 09
20630218 1
2040751 3
2085023
1102393
2025044 1
2085027
92225 MX
2008762 2
P565851
2033376
2048420 1
1295218
2009285
P964954 05
1285230 R
2033804 7
2056708
93864 MX23
GF6264 1
1292101 F
947432 04
995269 1
P774547 70
2009908
854400 3
811807
883831 02
854354 2
92883 MX
1193287
725189
GF6448 2B
2058922
1285272 D
2040936 6
F0006191V01
41599 RDK
160925330WM
2017565 3
539535 2
GF8571
1229017
992239 1
41373 RDK
2017896
965605 04
2042103 01
38690 RDK
740055 6
927164 3
1243680 C
811893
93680 MX4
875180 28
2035752 1
F0030254V01
2078705
2032705
2015815
994592 1
2032704 1
2016103
1213655CD4
1241021 B
2056918
964962 06
833577 3
853195 7
826638
F0001792V01
P965681 14
F0004240V01
P669490 1
2034325
2036788
P1170376 S3
P965817 05
2040231 1
989806
2004438 1
977138 01
992770
2063495
2023006
F0000516V01
GF4216 1
965361 1
800196 03
2015672
GF725694
990119
F0030034V01
41027 RDK5
966119 10
2024612 1
833149
2056815
J882951 01
974467 6
F0001611V01
939076 4
1190375 F
2033689 2
2019558 1
815148 01
2063231 2
2009273 1
2043018
609549 07
J37951RDK2
92101 MX
2016426
2011272 21
774402 17
93741 MX2
2004834
948822 1
1238727
862106
994462 1
948926 2
815815
2016057
965732 2
1248604 B
P965760 03
787733 86
1231235
2043341
2007404
994321
1206675
2045303
F0000648V01
2023019
P965443 08
F0001874V01
854273 3
1231233
2016438
1181318 NP
1241873 A
1082689RK3
P2039044 01
2029551 3
956399 R01
1182287
2018048 15
2058980 1
2016300
2004175 17
93828 MX9
2040043
1206142 A
815219 01
F0005987V01
1290040 E
993643
P827578 8
2056775
990148
682884 2
2071784 15
2056832
2040235
2033650 1
1263791
2088375 4
2040631 2
2033551 1
882401 12
947731 05
2078586
41562 RDK
1243848
2042190 02
J883854 01
965415
FG250916 16
F0002276V01
2043351
GF8644A1
93487 MX4
GF1118871 1
2023153
994591
P966065 05
2085030
2057062
876540 12
2040761
RG MICRO 14
41557 RDK
F0005000V01
P965445 08
1261864 F2
949485 8
661116 30
2025146 9
2009869
994419 1
768958
853541 4
1260521 PS1
F0005528V01
1231290
P852664
J1099958 D
P964504 04
833570 1
P966077 09
P2006516 1
020320264T6
883776 06
833813 2
875154 21
974385 4
875405 03
685681 40
2016342 1
2056862
2056769
GF883145
826916 13
952748 2
1295232 D
685873
1031386 D
J1181287 A
GF7082 3
2040049
1185053
2064010 37
990131
884652 7
2015040
854966 1
J882912
993817 2
RG MICRO 11
2017603 16
833198
F0001431V01
2047756
2015762
768909
2007470
966080 04
1241020 D
P964574 2
1231460 A
2007190 6
1220813 C
01102025M27
2002700
853474 3
2010054 8
P2018103 35
975573
2016016
2040090
F0004156V01
P669496
761346 8
1285053 D
GF42883
815825
2010158
2078556
94161 MX10
GF2528 D1
2088786
2088457
2033708 2
2040195
883544 03
993101
725405 01
2009186
1258026 A
2047627 02
GF727779 A
10062026Q74
2063356
F0030007V01
994789
1267816
688224 15
GF5424A
GF7048A1
975107 6
833945 2
2056859
990209
2029824
F0000565V01
2035804
972157 27
815778
768747
2026110 3
1229078
2040122 1
2056690
GF3934A3
938338
93847 MX2
2008905 1
1236300 A
854818 1
P676518 3
965953 11
J1157978 O
1184630 D
883078 06
2058669
2088628
826906 15
2019633
2004423
P678394 98
2039000 18
2040038 A
2017742 11
1185441
2007019 3
2024831
1261834 E
J882919 03
2032712
94160 MX9
GF8812B
993839
2059116
2017624 16
93002 MX
2010207 1
2025068 1
939086 11
2024916
884225 9
839823 2
1258131 L
2056590
2010202 2
P966082 20
800214 03
031220257GY
2011037
829684
886403 3
2007177
P762583 14
P973975
2033720 5
2017635 8
2009249
GF8069 1
1258740
1290091 B
92237 MX1
GF1129687 A
946153 1
2045445 8
2010167
1144814 G
2085015
GF7047A1
1185800
2045584 2
853364 5
GF3929 2
2047854 01
PPT79738 61
2024817
846322
P965690 10
994429
P909292 04
993484
689058 20
41374 RDK
768901 6
684928 5
682885 4
2085074
F0003687V01
GF6338 3
863218 08
993796 2
F0000381V01
J1150271
853354 9
2063128 10
85262 MX2
993735
941050 7
1263781
1159505 K
P965653 02
93696 MX8
2042067 12
2063722
1177870 E
939076 3
GF885176 2
2010437
2071006 7
2006906 6
2004573 01
1041791 FS2
2049743 4
2024410 1
967233 10
2047698 2
GF5645A1
949451 6
2017237 2
2063112 10
92707 MX
1220621 H
GF6113 1
2016034
684917 1
2051591 1
J1031181 T
1197792A
2016108
1203801
940964 6
2078682 01
2034249
936612 100
38260 RDK
1263838
1222120
965811 07
2034326
2010205 4
2040709
2045185
949450 1
2058958
0501202687Z
827527 73
1231212
1213519CD7
180920254IW
94057 MX
PPT79738 62
855302 29R2
994230
2024826
J1247614
20260716O9
F0006183V01
2047683 2
855311 B246
993745
2024025
1268995
2009137 2
P53733 SF2
36916 RDK
965418
F0000515V01
885727
12312312312
1067836PT5
994240
GF6707 2
1258485 C
2016254
2035891
002TEST
1265325 J
2058665
941506 9
883830 02
899662 21
GF1157586
2011147
936612 18
2008566 1
787733 79
993730
40418 RDK3
2040166
2015646
P762577 18
989922 1
1185072
P559774
2085117
1238724
989916 1
1184688
1101955 PT
F0001885V01
2017012 1
2029739 1
2008988 2
1185079
2071801 54
93027 MX
994450 1
2058953
94142 MX9
1248734 G
691871 7
2008946 1
2025055 4
1101125 A
P667686 C
GF7442
2073004
P993057 4
2015468
833647 1
2017612 5
966070 08
1258771
2004709
2025147 8
539579 4
P943828
P811172 SA2
2004700
2016437 1
2017635 1B
939215
2023A316V02
965225
F0005991V01
F0001327V01
853359 6
993579
993784
92767 MX
815792
863656 01
1266008 02
993793 1
966123
927928
F0004541V01
727721 06
1224972 CN
GF727782 B
2017138 4
F0000578V01
18062026LB2
1101784 FS5
974001 9
974008 9
2024536 1
1244013
2045838
81445 MX 8
2026154 1
F0001029V01
1262069
2008786 2
2017377
989803
990390 1
F HPA 001
41684 RDK
2088645
1238707HZ1
1161386 B
P665716 D
PP75331 98B
936204 43
1024483 J
854172 9
GF1157581
P940690
GF5426B
2015905
685826 28
714238 99
992887 1
F1000005V01
20630223 1
886206 2
993247
P678394 35
1231426
2023789 1
852041 2
93942 MX10
2008950 1
2063437 2
1261585 C
1258146
P967559 03
2047927
1181127 F
40670 RDK4
GF4130A1
P762589 28
2039071 49
F0000119V01
852150 5
2023A375V01
F0005522V01
2025251
P853354 BU
855292 35R1
F0001241V01
GF4090A3
F0004832V01
40664 RDK1
993654
2006907 7
952356 1
2043043 6
995248 1
884366
GF6064 1
2048305
F0003795V01
2045677
1290054 C
29332 RDK31
1231462 A
P676381 1A
2040680 1
2057302
833586 3
2024810
2058939
694947 9D
2057333
1206709
92887 MX
GF885176 1
1280039
2017621 16
965869 06
GF904534
F0004415V01
26082026A35
2015121 1
1268944
93794 MX3
E2ENRMC1
855311 C238
2021602 25
2047940
P2071540 W4
2023999 2
P540888 B
2024698
2008428
1260360 A
2034190 2
1272058 M
J1181250 B
1222486E2
1258959
1045741 B
1221423 HCN
2063427 2
2006901 1
2045462 6
989807
2045815
1205216
F0000699V01
2045848 1
P677578 87
2041097
993557
P559776
F0005997V01
P968162 06
26082026P48
2045442 10
87287 PUR 3
PP75331 83B
853975 2
2059109
822202 74C
1239884 A
F0001174V01
2034121
1263818
854450 1
964584 01B
2016192
994231
2045765
2063703
GF6006 2
653670 6
964955 08
1185795
2063351
2001295
2045453
946063 1
2056701
F0003573V01
994457 1
1245624
965239 3
899537 16
2090644 1
2057328
995262 1
2058721
2021507 22
20630386 10
GF6907 1
2063230 2
994168
2045895 2
2015182
1199785 C
2063160 10
854276 3
986026 1
2015672 1
1231248
2050718 12
2015642
2010297
832909
2023511 2
92916 MX
2007667
F0001632V01
2009783
2040508
738274 14
94203 MX
2045605 2
160420268II
939264
GF1138A2
1140310 E
1205210
854271 3
2048309
2017607 15
J1181031 C
539600 10
938448
2040805
2063716
2047965 1
P965892 04
989959 1
854552 1
2063693
2023212 1
P965818 09
1067688PT9
2016266
964585 01B
2088411 1
GF3918
F0001800V01
917169 17
2009093
2033168 2
2033396 2
1261676
2047084 4
P968125 12
853751 3
43257 MZ12
2040576 4
2011209 10
P852721
F0000150V01
938434
965691 14
2017235 2
F1000031V01
688799 11
682659 14
P688998 16
GF6348
993828 3
966059
2511202508Q
P1177618 D
2045423 2
2063461 2
F0004273V01
P947278 01
2026012 3
2017269 3
2009071
909379 19
2043359
2032529 2
2040067
2040340
2006648 4
P676143 49
F0004159V01
2039132 44
645416 26
2040947 2
2025072 3
F0000434V01
685515 6
40244 RDK4
909366 3
GF3899
20220011V01
2002476 1
GF7187 1A
833126 2
1154698 S
2009259
F0000809V01
P863676 10
904237 02
2009104
1185073
2085116
2008991 2
1290075
1268946
942733 13B
1185016
2017385 1
967071 30
2025056 2
F0006174V01
2056755
P853354 R
41195 RDK2
993801 2
2015789
2040549
936612 49
41591 RDK
2088317
GF4414B
P804470 12
2063715
2043052
1218445PR5
GF4263 2
965242 3
GF882987 04
P965385 11
9379072 1
1262072
826388
93871 MX4
811884
87920 MX
964684 09
2063122 10
2085001
965732 1
2017913
GF6082 5
965380 05
801002 02
P559773 SD
1165782 N
GF4147
2042026 09
927169 3
P968288 10
2061463
2048617 17
1082623MX3
2017241 3
965751 1
92732 MX
725698 01
2033151 1
965693 09
0809202592O
GF5356A
833639 1
2010205 3
1236207 C
2085021
2017678 8
993698
2009271 1
810234
1268955
2034012 1
1285397 E
2067502 8
2015110
2023092
2088402
2045343 32
966019
854269 3
2010307
2048708
GF885131
2008706 1
685549 44
2050615 1
2004818
F0001903V01
992194 3
2058620
92744 MX
20630361 1
92595 MX3
990539
2051519 6
2024804
991974 6
P79748T
P966080 04
GF3940 2
965687 15
1231256
936612 08
F0001256V01
2088524
P849349
896175 2
1231247
P968284 91P
2006770 2
41664 RDK
2047759
2058960
F0001074V01
1222360
2024787
2024198
875390 03
2043045 6
2016212
2045215
GF885169
2063123 12
2015290 2
2015065
990415
GF4164
993479
1193612
1185508 71W
GF5700 1
1242197
J725581 02
938462
854172 4
2016035
2063494
92094 MX
1207285
966061
2056583
92864 MX
J1118658 G
965741 07
92876 MX
GF4057
973206
2040223
986019
801145 01
939208
F0006329V01
2033923 1
1218392RK74
2016051
826683
685459 13
2045735
GF8814A1
F0000475V01
26082026AN4
2032727 1
939107
2002385 1
93291 MX3
F0029322V01
2048189 2
2045561
1031260 F5
2009389 2
819637 26
1258575
1243680 B
1213606CD2
2040959
2010060
883494
1258811
P79086M
966222 16
2033155 3
F SVA 1
885200 3
833876 3
854396 2
833875 3
992632
2010112
81559 RDK1
2014602 1
38591 RDK5
702476 83
1244637 C
1263183 E
1211684
724426 07
965877 12
GF4529A1
956090 R01
GF4156 7
J1082396 C
F0006000V01
2095578
994013
1197567
1257519 Y2
2009867
965536 01
854748 2
2024716
GF725983
2090528
1231427
2017949 11
761546 6
685776 8
2008781 1
2085076
P688999 09
F0002176V01
2033745 2
GF09019
PBMT80393
F0000378V02
2047695 2
F0001099V01
852528 3
1166725 A
826065
GF1208107
2057042 1
2025242 1
2008796 1
993495
826119
P682267
2063311
40980 RDK2
832908
1222225
2034155
2036837
609979 20
F0000688V01
GF6384 3
GF4879A7
949831 1
1242538
P1177618 I
2017150 1
966009 1
41613 RDK
RG MICRO 17
2040056
1229086 A
2043318
38565 RDK3
2059140
936211 34
992020 2
J882666 3
2047762
2056922
965539 01
2078650 3
1260200 E
1221444 BCN
F0003188V01
683949 1
GF3932
927697 4
2032519 3
1262115
2014184
845446 1
936612 31
2078598 2
F0001396V01
P875807
GF885189
1153026
2047931
2010292
1252768 BCN
F0004394V01
1251526 D
2017680
1247031 R2
39504 RDK5
P80046 48A
940681 18
1243913 A86
251120250DC
744871 13
768690 2
F0005484V01
909403 36
2040529
2035605 1
2045638
993294 1
1180992
92894 MX
1258307 R
1152852 F
1806202643O
965459
2024208
956388 R03
2045662
2024428 1
2063449
826653
965017 03
94056 MX8
909362 11
2016436 1
1101268
2045845
863731 22
810210
94158 MX5
GF8693
2036833
2023257
1263144 L
F0029253V01
2045284 4
1101859 FS9
1260566 FS3
F0004841V01
1263707
P967456 55
J882630 01
1252811 CN
J1140458 A
1206865
1233039 Y
854180 9
F0005003V01
833664 1
P994140 4
F0004407V01
2014602
2071810 1
41560 RDK
92913 MX
994224
GF6747 5
2015108
965056
P973401 11P
GF1227B1
2058947
855318 C679
93451 MX
93078 MX4
92763 MX
1218395RK2
2015184
2063429 2
2048353 1
2010090
768875
P2851T
2017880 10
2017732 8
P852033
2009765 1
2008914
875093 25
2049038
945477
993700
2040037 1
1265173 E
P965933 04
92097 MX
974781
2040612 3
F0001171V01
917170 28
2016590 10
GF8822B1
GF5048 2
965703 1
2017406
GF8879A1
1106017
684865 11
2085003
2019749
2032750 1
852502 6
43216 SS1
1261703HZC
884516
1207381 A
2023A359V01
1129745KL1
2015630
974337 7
2040179
900256 10
993487
TSTVARIANT
884952 1
1221440 DCN
F0005485V01
GF6730 2
2016264
1211700
1222339
20630378 10
2073001
2071599 4
2059107
1260535EP4
16032026W23
855292 238
2085045
875379 01
885866 7
P682987
42071 SS18
240620260AS
826064
GF8600
2047675 2
899695 36
J904233 01
P804528 12
P899324 21B
908294 42
826906 6
609985 21
2040356
F0000518V01
592010 134
2014615 1
2016028
2045607
2023271
845909 6
F0029917V01
2008901
2038009
1164898
936612 87
2007250 5U
2056858
P964329 04
1265060 F
P2007047
1263580
2014599
GF1099566
39950 RDK4
909334 5
2048530
1212394
2010122
2090556
1202729 A
1273646
GF7219B1
2047674 2
1197988
GF1119005
1082574MX4
F0000266V02
939243
689094 54
9379060 1
2045763 1
2051566
40766 RDK7
1222347
1101742 FS3
800267 01
1263698
1181221 NP
2002698
1233062
833405
1181877 MZ2
1295302
2009722
965847 05
2009857
2040079 A
1227632 B
J1015381 C
2033831 1
842846 1
F0001035V01
1213630CD6
2017363 2
J904248 01
2045736
2045892
1263821
GF8148
980003 5
967494 03
92975 MX
877595 02
768877
938282
853703 7
2040542
975685 3
833153
81912 MX 7
966044
2014829
2010369
270320262KP
P899390 08
685630 35
2008783 2
994461 1
92091 MX
956494 R01
GF8674 1
1252701 RCN
P680657
886425 3
1067797PS12
1205440
1244041
938466
F0029549V01
965892 04
992881
P53733 LD
P681347
974814
P2078634 1
965548 1
994188 1
1231433
972273
F0001335V01
936612 53
2056664
P669850 G
F0004161V01
2017364 11
GF8799A1
1263711
936614 21
927809
975336
965008 15
2039154 34
2016262 2
2040506
P970200 04G
GF8905A1
2040130 1
885881 05
GF883168
774605 24
2015772
1185866 05
88259 PUR11
2033748 3
992201 2
2034226
2032917 3
17122025LO9
2008744 2
1268984
1206335
F0000508V01
902097 13
2047509 35
833318 5
2030688
2016188
F0001732V01
990161
2013945 1
2040128
GF7218 1A
GF5046 3
GF727755 G
2023A364V02
974822
AZERTY3
454049 F16
2063723
2023A376V01
2040046
2085033
2093509 1
886250 3
P965816 07
J883813 02
854051 5
2002384
966060
GF727785 B
2010398
2090554
767339 1
86936 MX 10
1260092
RG MICRO 16
2057118
1242144 B
2023921
2039157 10
F0000797V01
919144 30
2040124 1
2040380
2001292
939207
2006931 5
2088312
971255 01
41582 RDK
2026166 1
2067505 10
1252814 CN
2056914 2
2048003
2047941
903013 5
1295339 B
2010416
J1247660 I
792648
GF4434B
855318 B235
1285491
2024203
858393 2
TEST ETHANO
F0001027V01
GF4028 3
1274995H7
1258132 B
42048 RDK1
86383 MX
2024689
939268
2063434
2026015 3
2023251
2040054
1244020
1108513 A
2010310
F0001384V01
2015764
2042054 20
P936198 B05
682883 8
2071719 1
1185074
P936402 02
1206889
GF8937A1
2032705 2
93728 MX
GF2789 1A
2004833
986244 1
GF725644 02
994088
92023 MX
41535 RDK
1285131 N
990165
P993698
2026097
1202785 M
2048192 2
25032026GY3
939227
92969 MX
2004649
P682236 2
956522 R01
993694
2033151 2
854747 2
F0004363V02
2017905
94231 MX4
GF3854 3
2015059
GF2887 2
993779
887406 1
964914 04
2023A304V01
1258838
2047977 1
2017635 B
833700 3
F0001606V01
2033394 2
2043314
1266075 03
2058990 1
2050534
2088416 1
123456 ABE
2057038 1
2023877
2029961
1227665 H
1164891
F0005488V01
730636 8
2043231 1
1248758 P
GF5687
84934 MX1
1218429CV59
2040212
P965688 17
2018074
2024755
P762592 10
947433 05
GF3895 2
854886 1
1185469
GF3555C1
1060645 B
974828
899654 16
1211202567Q
2009201
2010424 1
906057 42
845335 3
2024814
2043009
2016230
1245738
832993
2047739 02
954188
2024430 2
93080 MX4
F54321 0
1101826 FS3
2063156 3
1191158HZA
P965033 02
974126 18
1295125
826520
GF882487
2009702 1
2078702 01
90175 MX
2017613 2
F000002
41037 RDK9
2009644
2006473
833841 10
990166
2078687 01
971241 45
1252696 ICN
2016170
2060667 2
833873 1
41540 RDK2
F0001280V01
1218006BXT1
2023A377V01
1170892 C
41611 RDK
GF885151 1
853698 15
GF1099930
F0001382V01
904602 06
1231226
826066
990477 2
1205314
2024609
2040225
P992173 1
854892
2047316
1129972RK3
1222353
2025258 5
GF882224
2024446 1
2016387
954200 4
F0029391V01
1290122 D
F1000022V01
P861935 6
2009286
GF885161
684918 9
993673
863663 01
2040552 A
833837 1
2006773 2
2029571
2035749 1
1169818 A
2018047 15
994011 1
965678 23
965744 11
2058711
810229
941388 1
MINDS02
36577 RDK1
2033161 2
GF1157962
GF1181191
880340 13
92951 MX
1262093
2024859
941508 11
PPT79738 35
2039066 11
39320 RDK
GF4860
2033179 3
1263798
GF5421B
41675 RDK
994297
2034139
975379
2056706
41205 B
F0001395V01
2016302
685871 4
990037 1
1278512 64
P1266114 11
643696 1
2085095
994448 1
2058852 1
P2032766 A3
P964375 01D
GF1169583
2025523
2067515 26
1253392 F
1152845 J
1195534 B
900256 13
F0029482V01
782746 24
GF4086
2045846 2
1265097 C
1164881
2058830
684857 5
939605
761349 14
826757
2048637
1247038 D3
2016290
41594 RDK
768581 1
2025179 1
2004616
1218179RK4
P885056 W
2023A315V02
1086739
904244
993716
2056541
1200376
2024077 2
F0002248V01
J801070 06
816130 01
41715 RDK3
988654 1
80236 MX8
GF8768A1
993827 1
93707 MX16
991857 5
2026570 18C
2043039 6
993670
1231457 A
GF7068A1
2047924
2078825 9
2040255
1239881 C
990997 5
967446 06
2048317
936612 14
1218241MX12
93831 MX4
1263742
2017266
1185478
F0001901V01
995242 1
2029743
P79085M
833581 A
993857 1
2033203 3
1267958 A
GF6785 1
1268985
P973481 4
468455 08
RG MICRO 8
1231292
GF6748 4
2010281
2063079
1258799
2045851
2017602 15
40726 RDK1
992877
2015123 1
559879 12
93374 MX9
1295294
1295317
1197580
833859 3
833334 6
P2009852SA1
2029590 1
1231257
J883853 01
1265143 C
1263562
2009496 1
2008670
2057276
2056946
2016073
2033153 2
833234 B
2017239 2
966117 05
2009497 1
F0000452V01
2004572 03
J727538 18
2017184 1
GF7238A1
GF1949A1
993769
2040199
2017652 1
2042068 17
2039032 51
2025074 1
2041078
F0001614V01
2004215 1
2014680
2088325 2
2006650 11
1218378MX4
883107 01
2004831
2045606
995263 1
F1000007V01
2047302 03
P675721 87B
685669 6
92984 MX
J1247510 A
2016408
936401 54
2033830 1
2085052
F0001192V01
2004764 2
1258847
2011222
2024418 1
2040151
GF1949B1
2045063 3
939603
2078500
2033190 3
2047754
2010376
2056542
994353 1
GF4025 6
1295229 U
1218308RK7
800217 03
GF8751A2
2026108 3
1079562 A
J1247648
20630360 1
F0004967V01
2047215 1
974385 5
P678995 98
41102 RDK3
844108 9
2078646
990120
994223
P2076501
2040227
2024032
GF5943A1
2078723
93763 MX12
P556849 1
945981
2016147
P1199563 A
39277 RDK3
GF6670 1
41566 RDK
1251777 D
2023A317V01
GF1041634
2051592 20
2043182 1
989760
1082785PR26
1251727 C
09122025O62
F0005482V01
2034332 1
F0000446V01
2063585 4
965757 06
2008876
885490 1
2024672
2006772 5
2015131
2009899
GF7821A1
2040553
2002982
965126
992955 1
2016753
2045842 1
GF6751A4
2015907
1265327 J
F0000929V01
2023728 1
J1181124 D
GF6375 1
2009100
539967 15
854819 1
992755
1234124 E
1153247
2016762
2041094 1
2009904
41597 RDK
1206348
2040174
2017556 4
93138 MX6
2088329 1
560564 01
938477
2033692 2
P71871 Y
2040122
887019 1SG
2040570
26082026B8P
1129802RK18
GF8565A3
839806 2
P677885
2045455
GF8533A1
1277617 A
2045305
689132 04
1243809 M6
41822 RDK
P678995 35
GF3842A1
P676143 98
952567
1101336 A
1218054PR4
1903202610G
1239880 A
2010415
1041620 KL9
2023A360V01
GF1059705
2011229 32
2015064
F0000379V01
2043400
1263817
815795
907680 7
1269205 K
1296028 R
92753 MX
776853 2
2043349
F0000763V01
2032935 2
F0000510V01
975166
994304 1
2024798
2010054 7
965972
2043003
2023284
1055914
2009864
966058
994326
2015723
2063726
899384 2
1265181
F0000444V01
2045380 1
974080 2
2047669 1
GF6191 3
92748 MX
F0000396V01
10062026B3K
41618 RDK
20220012V01
92750 MX
2001294
2047670 2
P667437 25F
293251 1
2001289
1222295
1283043 D
1400600MX6
92106 MX
P877745 06
J1157781 B
854496 3
938131 3
974082 2
P964908 02
1260513EP4
27032026I1T
968309 15
2040979
T107012026
2047846
GF6070B2
2051528
1231458 A
080620269B9
42631 SS
949445 3
1222490C
774341 35
609980 38
973746
2015798
826536 01
P899390 50
936614 51
2017740 11
GF1166057
F0003202V01
2088582
41123 RDK2
2033238 3
855292 3471
900251 13
J727630 06
1285340
685386 91
1245628
2050715 1
1258285
845850 1
J1119377 E
2093517 1A
693294 14
GF7215 1A
2063463 2
38951 RDK
1243833
993270
0312202549O
130126A366D
1218440PL7
846395 3
992997
1239886 A
993286 1
2008577
2013926
P967344 1
2026112 3
2056545
2002984
2018041 50
2016031
2014515
882508 03
972211 3
854405 2
992195 3
863430 24
P965819 05
T202062026
GF6081 3
973826 11
1285412 B
833730 3
832052 18
GF9472198 5
2009256
2063467
2051530
927978 3
862878 1
2010703 20
P875808
2009902
F0000502V01
845709 16
2048188 2
2040094
949444 8
GF727768 C
936612 69
250320265I6
966003 1
2009885
899535 12
2040771 1
L123461
2026014 3
909333 05
885739 1
GF8590A1
F0004816V01
20630375 10
2004456
GF1118530
17122025D57
970182 10
2059045
2007487 3
40204 RDK9
1218467MX2
2073016 12
F0002689V01
F0000568V01
2093569 1B
2015039
2016289
833970 5A
GF6189 4
776847 3
1243826
P761776 E97
2063579 4
2090564 1
20630216
2032933 2
2015726
P698301 06
PBDANIEL04
GF1099640
883101 01
833375 6
2056921
2063312
829773 1
2010288
1237024 MX
92948 MX
1244057
683145 13
927158 3
2047490
J904248
1159600 E
1243511 BG
1261779
974784
J904604 04
2040670
F0001911V01
2023828 3
761795 20
F0001551V01
P965608 03
815950
2035673
1216021
GF3920
2045665
F0001282V01
1245630
947992 02
PP79162
F0001169V01
85219 MX5
899652 18
689015 03
2008580
J1247535 C
GF724491
1231447
1245641
1058018 D
P936334 05
1223787 ECN
P559773
965700 08
2008666
2048250 1
GF4503B
2010405
1295281
F0000512V01
936612 12
2035663 1
GF8741A1
GF3915
1199524 P
560440 06
F0004363V03
1159004 C2
2110202521A
809960 4
J883156 03
2016296
965436
2047868
1287033 01
833818 2
2008700 2
2040044
2015797
938612
839803 2
2024788
990741 5
863259 24
940966 11
1184585 B
1189284 A
2048195 2
93943 MX6
2006836
GF3987 4
965678 21
P676143
2050285
674242 7
J1082418 E
42261SS12
GF885155 1
774610 04
2009898
GF8955A1
2035607 1
2025083 3
2048199 1
994399
P669491
2033921 1
1248982
94159 MX6
41663 RDK
2007072 1
994170 4
38994 RDK
1222351
2045472
1285221
1205937 A
938287
2013964 1
2040528
GF885119
1267720 F
1082685RK5
2008798 1
P575442 12
94143 MX5
2045669
1239854
1205888
18022636O8M
P897137 237
92155 MX
2024671 1
954206 4
2015574
855311 B245
GF6008 3
2017120 1
993478
P964345 06C
40923 RDK1
F0001276V01
1162525 SCN
93862 MX10
854649 1
903368 C
1261582HZE
477049 F6
993104
2017907
903367 02C
826658
2026026 3
P880304 E18
2059110
949565 1
815768
927168 3
93048 MX
940583
990170
939212
815870
GF8744A1
GF6765B
GF1118994
2024715
1275511 D
2006743 4
F0000241V01
F0001203V01
2026161 3
2045661 1
2040055
858052 1
F0005529V01
1258751
2058921
909319 16
2008795 2
11122025IW7
RG MICRO 9
684030 2
2007079 4
1043369 KL1
P2047509 10
GF5356B
2033111 4
GF1199905 B
938163 1
833955 1
1260573 FS
883777 04
2023008
140820267WA
853478 4
2063340
J727509 23
855311 C256
845450 1
P967632 03
1206645
1239005 C
2040048 1
40818 RDK3
F0001014V01
1211677
24062026XJ0
2023247
1245643
J1140310 E
P80046 03A
2056861
2017280 2
2016388
948892 4
2078629 2
2039080 34
2006477
2040531
936185 4
902304 6
1129510PR18
GF885173 1
2029384 1
2048307
936614 11
P803262 19
GF6766C
826824
2029823
88015 MX
2078716
854170 6
1285498
2090562 1
939651
846233 1
2040105
GF4283 2
93948 MX5
2045422 5
F0000441V01
994455 1
2008714 1
832957
2016382
GF6023A1
2043312 3
P1227567 A
2051573
2047741 01
1207197 A
2024182
965444 08
2015073
2040501
1205868
1295332 L
851975 B
GF8574
2010406 1
936612 106
GF3983A3
F0001528V01
F0000525V01
974386 9
1295246 J
93245 MX1
2058899
927692 4
1206648
2023154
F0001304V01
P965814 05
GF1119496
2063114 10
2033486 4
2017851 1
F1000000V01
909260 15
1290071
994283
2010209 1
2040920 2
2043347
P678284 35
2032518 2
P203150723C
1218173RK92
2045413 4
2040408 1
42920SS17
2045689
974488 9
2033437
2047667 1
J1247508 O
2001285
GF2528 A1
2026096
2016881 2
2018020
1202779 B
2017194 1
855318 C236
P844115
2032544 2
2010304
902305 6
20630129 B
GF7267 1A
833494
1165782 Q
42525 SA3
815512
833874 1
2088330 1
990473
965453
2045629
2015765
1229068 C
990686 6
2058981 1
F0029723V01
F0029430V01
2017565 8
2010210 1
P804960 5
GF1059948
815780
92603 MX7
2024864
956075 R03
851982 B
1231432
994485
GF6451 1A
031220254R7
2078715
804710 13
1082717RK13
2014785 1
1177801 M
P965395 02
1213639SS
994328
2040637 3
41204 RDK3
468459 14
2018046 16
936612 96
91989 MX6
TST263 19
14082026UG7
2045698 1
685677 24
2033497 1
2016252
1282023
GF3981A4
875376 10
1295066 A
GF8882A1
1195367 A
2016180
994402
1262078
41603 RDK
J1247503 D
2033670 1
810206
2040543
2029829
993683
GF5431C
956439
F0005999V01
2034231
92733 MX
P854926 1S3
2009397 2
854606 4
684912 9
2045281 3
845710 5
P897148
2025176 2